{
	"start":	{
		"connected":	[{
				"socket":	5,
				"local_host":	"192.168.1.243",
				"local_port":	45560,
				"remote_host":	"192.168.1.165",
				"remote_port":	5201
			}],
		"version":	"iperf 3.19.1",
		"system_info":	"Linux blind-warrior 6.12.47 #1-NixOS SMP PREEMPT_DYNAMIC Thu Sep 11 15:21:47 UTC 2025 x86_64",
		"timestamp":	{
			"time":	"Sun, 16 Nov 2025 22:05:26 GMT",
			"timesecs":	1763330726
		},
		"connecting_to":	{
			"host":	"192.168.1.165",
			"port":	5201
		},
		"cookie":	"vfrknj5ijqjd7jqz5kgicksvmdkzprc6etxa",
		"tcp_mss_default":	1448,
		"target_bitrate":	0,
		"fq_rate":	0,
		"sock_bufsize":	0,
		"sndbuf_actual":	16384,
		"rcvbuf_actual":	131072,
		"test_start":	{
			"protocol":	"TCP",
			"num_streams":	1,
			"blksize":	131072,
			"omit":	0,
			"duration":	30,
			"bytes":	0,
			"blocks":	0,
			"reverse":	0,
			"tos":	0,
			"target_bitrate":	0,
			"bidir":	0,
			"fqrate":	0,
			"interval":	1
		}
	},
	"intervals":	[{
			"streams":	[{
					"socket":	5,
					"start":	0,
					"end":	1.001123,
					"seconds":	1.0011229515075684,
					"bytes":	2359296,
					"bits_per_second":	18853196.774259862,
					"retransmits":	0,
					"snd_cwnd":	286704,
					"snd_wnd":	1220224,
					"rtt":	226614,
					"rttvar":	587,
					"pmtu":	1500,
					"omitted":	false,
					"sender":	true
				}],
			"sum":	{
				"start":	0,
				"end":	1.001123,
				"seconds":	1.0011229515075684,
				"bytes":	2359296,
				"bits_per_second":	18853196.774259862,
				"retransmits":	0,
				"omitted":	false,
				"sender":	true
			}
		}, {
			"streams":	[{
					"socket":	5,
					"start":	1.001123,
					"end":	2.001121,
					"seconds":	0.99999797344207764,
					"bytes":	1310720,
					"bits_per_second":	10485781.250043064,
					"retransmits":	0,
					"snd_cwnd":	346072,
					"snd_wnd":	1220224,
					"rtt":	274566,
					"rttvar":	775,
					"pmtu":	1500,
					"omitted":	false,
					"sender":	true
				}],
			"sum":	{
				"start":	1.001123,
				"end":	2.001121,
				"seconds":	0.99999797344207764,
				"bytes":	1310720,
				"bits_per_second":	10485781.250043064,
				"retransmits":	0,
				"omitted":	false,
				"sender":	true
			}
		}, {
			"streams":	[{
					"socket":	5,
					"start":	2.001121,
					"end":	3.001116,
					"seconds":	0.999994993209839,
					"bytes":	1572864,
					"bits_per_second":	12582975.00031543,
					"retransmits":	0,
					"snd_cwnd":	405440,
					"snd_wnd":	1220224,
					"rtt":	321947,
					"rttvar":	496,
					"pmtu":	1500,
					"omitted":	false,
					"sender":	true
				}],
			"sum":	{
				"start":	2.001121,
				"end":	3.001116,
				"seconds":	0.999994993209839,
				"bytes":	1572864,
				"bits_per_second":	12582975.00031543,
				"retransmits":	0,
				"omitted":	false,
				"sender":	true
			}
		}, {
			"streams":	[{
					"socket":	5,
					"start":	3.001116,
					"end":	4.001282,
					"seconds":	1.0001660585403442,
					"bytes":	1835008,
					"bits_per_second":	14677626.654741995,
					"retransmits":	0,
					"snd_cwnd":	466256,
					"snd_wnd":	1220224,
					"rtt":	369165,
					"rttvar":	316,
					"pmtu":	1500,
					"omitted":	false,
					"sender":	true
				}],
			"sum":	{
				"start":	3.001116,
				"end":	4.001282,
				"seconds":	1.0001660585403442,
				"bytes":	1835008,
				"bits_per_second":	14677626.654741995,
				"retransmits":	0,
				"omitted":	false,
				"sender":	true
			}
		}, {
			"streams":	[{
					"socket":	5,
					"start":	4.001282,
					"end":	5.00112,
					"seconds":	0.99983799457550049,
					"bytes":	917504,
					"bits_per_second":	7341221.3176759146,
					"retransmits":	0,
					"snd_cwnd":	525624,
					"snd_wnd":	1220224,
					"rtt":	417326,
					"rttvar":	1385,
					"pmtu":	1500,
					"omitted":	false,
					"sender":	true
				}],
			"sum":	{
				"start":	4.001282,
				"end":	5.00112,
				"seconds":	0.99983799457550049,
				"bytes":	917504,
				"bits_per_second":	7341221.3176759146,
				"retransmits":	0,
				"omitted":	false,
				"sender":	true
			}
		}, {
			"streams":	[{
					"socket":	5,
					"start":	5.00112,
					"end":	6.001123,
					"seconds":	1.0000029802322388,
					"bytes":	1179648,
					"bits_per_second":	9437155.87508382,
					"retransmits":	0,
					"snd_cwnd":	584992,
					"snd_wnd":	1220224,
					"rtt":	465081,
					"rttvar":	1400,
					"pmtu":	1500,
					"omitted":	false,
					"sender":	true
				}],
			"sum":	{
				"start":	5.00112,
				"end":	6.001123,
				"seconds":	1.0000029802322388,
				"bytes":	1179648,
				"bits_per_second":	9437155.87508382,
				"retransmits":	0,
				"omitted":	false,
				"sender":	true
			}
		}, {
			"streams":	[{
					"socket":	5,
					"start":	6.001123,
					"end":	7.001273,
					"seconds":	1.0001499652862549,
					"bytes":	2490368,
					"bits_per_second":	19919956.6979916,
					"retransmits":	0,
					"snd_cwnd":	645808,
					"snd_wnd":	1300224,
					"rtt":	512759,
					"rttvar":	1293,
					"pmtu":	1500,
					"omitted":	false,
					"sender":	true
				}],
			"sum":	{
				"start":	6.001123,
				"end":	7.001273,
				"seconds":	1.0001499652862549,
				"bytes":	2490368,
				"bits_per_second":	19919956.6979916,
				"retransmits":	0,
				"omitted":	false,
				"sender":	true
			}
		}, {
			"streams":	[{
					"socket":	5,
					"start":	7.001273,
					"end":	8.001121,
					"seconds":	0.99984800815582275,
					"bytes":	1441792,
					"bits_per_second":	11536089.391501207,
					"retransmits":	0,
					"snd_cwnd":	705176,
					"snd_wnd":	1462912,
					"rtt":	560241,
					"rttvar":	845,
					"pmtu":	1500,
					"omitted":	false,
					"sender":	true
				}],
			"sum":	{
				"start":	7.001273,
				"end":	8.001121,
				"seconds":	0.99984800815582275,
				"bytes":	1441792,
				"bits_per_second":	11536089.391501207,
				"retransmits":	0,
				"omitted":	false,
				"sender":	true
			}
		}, {
			"streams":	[{
					"socket":	5,
					"start":	8.001121,
					"end":	9.00111,
					"seconds":	0.99998897314071655,
					"bytes":	1441792,
					"bits_per_second":	11534463.188902494,
					"retransmits":	0,
					"snd_cwnd":	764544,
					"snd_wnd":	1579264,
					"rtt":	607776,
					"rttvar":	437,
					"pmtu":	1500,
					"omitted":	false,
					"sender":	true
				}],
			"sum":	{
				"start":	8.001121,
				"end":	9.00111,
				"seconds":	0.99998897314071655,
				"bytes":	1441792,
				"bits_per_second":	11534463.188902494,
				"retransmits":	0,
				"omitted":	false,
				"sender":	true
			}
		}, {
			"streams":	[{
					"socket":	5,
					"start":	9.00111,
					"end":	10.001116,
					"seconds":	1.0000059604644775,
					"bytes":	0,
					"bits_per_second":	0,
					"retransmits":	0,
					"snd_cwnd":	823912,
					"snd_wnd":	1710592,
					"rtt":	655254,
					"rttvar":	372,
					"pmtu":	1500,
					"omitted":	false,
					"sender":	true
				}],
			"sum":	{
				"start":	9.00111,
				"end":	10.001116,
				"seconds":	1.0000059604644775,
				"bytes":	0,
				"bits_per_second":	0,
				"retransmits":	0,
				"omitted":	false,
				"sender":	true
			}
		}, {
			"streams":	[{
					"socket":	5,
					"start":	10.001116,
					"end":	11.001124,
					"seconds":	1.0000079870224,
					"bytes":	1441792,
					"bits_per_second":	11534243.8757358,
					"retransmits":	0,
					"snd_cwnd":	889072,
					"snd_wnd":	1836800,
					"rtt":	703142,
					"rttvar":	918,
					"pmtu":	1500,
					"omitted":	false,
					"sender":	true
				}],
			"sum":	{
				"start":	10.001116,
				"end":	11.001124,
				"seconds":	1.0000079870224,
				"bytes":	1441792,
				"bits_per_second":	11534243.8757358,
				"retransmits":	0,
				"omitted":	false,
				"sender":	true
			}
		}, {
			"streams":	[{
					"socket":	5,
					"start":	11.001124,
					"end":	12.001109,
					"seconds":	0.9999849796295166,
					"bytes":	1310720,
					"bits_per_second":	10485917.502365744,
					"retransmits":	0,
					"snd_cwnd":	1038216,
					"snd_wnd":	1926784,
					"rtt":	764474,
					"rttvar":	1494,
					"pmtu":	1500,
					"omitted":	false,
					"sender":	true
				}],
			"sum":	{
				"start":	11.001124,
				"end":	12.001109,
				"seconds":	0.9999849796295166,
				"bytes":	1310720,
				"bits_per_second":	10485917.502365744,
				"retransmits":	0,