{
	"start":	{
		"connected":	[{
				"socket":	5,
				"local_host":	"192.168.1.243",
				"local_port":	55766,
				"remote_host":	"192.168.1.165",
				"remote_port":	5201
			}],
		"version":	"iperf 3.19.1",
		"system_info":	"Linux blind-warrior 6.12.47 #1-NixOS SMP PREEMPT_DYNAMIC Thu Sep 11 15:21:47 UTC 2025 x86_64",
		"timestamp":	{
			"time":	"Sun, 16 Nov 2025 22:10:35 GMT",
			"timesecs":	1763331035
		},
		"connecting_to":	{
			"host":	"192.168.1.165",
			"port":	5201
		},
		"cookie":	"k6fd3drsoeiplcu32pyd33y5wtcjswicclso",
		"tcp_mss_default":	1448,
		"target_bitrate":	0,
		"fq_rate":	0,
		"sock_bufsize":	0,
		"sndbuf_actual":	16384,
		"rcvbuf_actual":	131072,
		"test_start":	{
			"protocol":	"TCP",
			"num_streams":	1,
			"blksize":	131072,
			"omit":	0,
			"duration":	30,
			"bytes":	0,
			"blocks":	0,
			"reverse":	0,
			"tos":	0,
			"target_bitrate":	0,
			"bidir":	0,
			"fqrate":	0,
			"interval":	1
		}
	},
	"intervals":	[{
			"streams":	[{
					"socket":	5,
					"start":	0,
					"end":	1.001114,
					"seconds":	1.0011140108108521,
					"bytes":	2359296,
					"bits_per_second":	18853365.14740485,
					"retransmits":	0,
					"snd_cwnd":	283808,
					"snd_wnd":	1278592,
					"rtt":	225422,
					"rttvar":	573,
					"pmtu":	1500,
					"omitted":	false,
					"sender":	true
				}],
			"sum":	{
				"start":	0,
				"end":	1.001114,
				"seconds":	1.0011140108108521,
				"bytes":	2359296,
				"bits_per_second":	18853365.14740485,
				"retransmits":	0,
				"omitted":	false,
				"sender":	true
			}
		}, {
			"streams":	[{
					"socket":	5,
					"start":	1.001114,
					"end":	2.001115,
					"seconds":	1.0000009536743164,
					"bytes":	1179648,
					"bits_per_second":	9437175.0000085831,
					"retransmits":	0,
					"snd_cwnd":	343176,
					"snd_wnd":	1278592,
					"rtt":	272978,
					"rttvar":	1187,
					"pmtu":	1500,
					"omitted":	false,
					"sender":	true
				}],
			"sum":	{
				"start":	1.001114,
				"end":	2.001115,
				"seconds":	1.0000009536743164,
				"bytes":	1179648,
				"bits_per_second":	9437175.0000085831,
				"retransmits":	0,
				"omitted":	false,
				"sender":	true
			}
		}, {
			"streams":	[{
					"socket":	5,
					"start":	2.001115,
					"end":	3.001111,
					"seconds":	0.9999960064888,
					"bytes":	1572864,
					"bits_per_second":	12582962.250200674,
					"retransmits":	0,
					"snd_cwnd":	403992,
					"snd_wnd":	1278592,
					"rtt":	320199,
					"rttvar":	1116,
					"pmtu":	1500,
					"omitted":	false,
					"sender":	true
				}],
			"sum":	{
				"start":	2.001115,
				"end":	3.001111,
				"seconds":	0.9999960064888,
				"bytes":	1572864,
				"bits_per_second":	12582962.250200674,
				"retransmits":	0,
				"omitted":	false,
				"sender":	true
			}
		}, {
			"streams":	[{
					"socket":	5,
					"start":	3.001111,
					"end":	4.001127,
					"seconds":	1.0000159740448,
					"bytes":	1835008,
					"bits_per_second":	14679829.503745854,
					"retransmits":	0,
					"snd_cwnd":	463360,
					"snd_wnd":	1278592,
					"rtt":	367140,
					"rttvar":	868,
					"pmtu":	1500,
					"omitted":	false,
					"sender":	true
				}],
			"sum":	{
				"start":	3.001111,
				"end":	4.001127,
				"seconds":	1.0000159740448,
				"bytes":	1835008,
				"bits_per_second":	14679829.503745854,
				"retransmits":	0,
				"omitted":	false,
				"sender":	true
			}
		}, {
			"streams":	[{
					"socket":	5,
					"start":	4.001127,
					"end":	5.001002,
					"seconds":	0.999875009059906,
					"bytes":	1048576,
					"bits_per_second":	8389656.63106938,
					"retransmits":	0,
					"snd_cwnd":	522728,
					"snd_wnd":	1278592,
					"rtt":	415208,
					"rttvar":	1732,
					"pmtu":	1500,
					"omitted":	false,
					"sender":	true
				}],
			"sum":	{
				"start":	4.001127,
				"end":	5.001002,
				"seconds":	0.999875009059906,
				"bytes":	1048576,
				"bits_per_second":	8389656.63106938,
				"retransmits":	0,
				"omitted":	false,
				"sender":	true
			}
		}, {
			"streams":	[{
					"socket":	5,
					"start":	5.001002,
					"end":	6.00111,
					"seconds":	1.000108003616333,
					"bytes":	1048576,
					"bits_per_second":	8387702.09784071,
					"retransmits":	0,
					"snd_cwnd":	582096,
					"snd_wnd":	1278592,
					"rtt":	462926,
					"rttvar":	1244,
					"pmtu":	1500,
					"omitted":	false,
					"sender":	true
				}],
			"sum":	{
				"start":	5.001002,
				"end":	6.00111,
				"seconds":	1.000108003616333,
				"bytes":	1048576,
				"bits_per_second":	8387702.09784071,
				"retransmits":	0,
				"omitted":	false,
				"sender":	true
			}
		}, {
			"streams":	[{
					"socket":	5,
					"start":	6.00111,
					"end":	7.001117,
					"seconds":	1.0000070333480835,
					"bytes":	2490368,
					"bits_per_second":	19922803.87598554,
					"retransmits":	0,
					"snd_cwnd":	642912,
					"snd_wnd":	1362048,
					"rtt":	510640,
					"rttvar":	638,
					"pmtu":	1500,
					"omitted":	false,
					"sender":	true
				}],
			"sum":	{
				"start":	6.00111,
				"end":	7.001117,
				"seconds":	1.0000070333480835,
				"bytes":	2490368,
				"bits_per_second":	19922803.87598554,
				"retransmits":	0,
				"omitted":	false,
				"sender":	true
			}
		}, {
			"streams":	[{
					"socket":	5,
					"start":	7.001117,
					"end":	8.001118,
					"seconds":	1.0000009536743164,
					"bytes":	1441792,
					"bits_per_second":	11534325.00001049,
					"retransmits":	0,
					"snd_cwnd":	702280,
					"snd_wnd":	1428992,
					"rtt":	557917,
					"rttvar":	756,
					"pmtu":	1500,
					"omitted":	false,
					"sender":	true
				}],
			"sum":	{
				"start":	7.001117,
				"end":	8.001118,
				"seconds":	1.0000009536743164,
				"bytes":	1441792,
				"bits_per_second":	11534325.00001049,
				"retransmits":	0,
				"omitted":	false,
				"sender":	true
			}
		}, {
			"streams":	[{
					"socket":	5,
					"start":	8.001118,
					"end":	9.001115,
					"seconds":	0.99999701976776123,
					"bytes":	1441792,
					"bits_per_second":	11534370.375102445,
					"retransmits":	0,
					"snd_cwnd":	761648,
					"snd_wnd":	1580800,
					"rtt":	605335,
					"rttvar":	388,
					"pmtu":	1500,
					"omitted":	false,
					"sender":	true
				}],
			"sum":	{
				"start":	8.001118,
				"end":	9.001115,
				"seconds":	0.99999701976776123,
				"bytes":	1441792,
				"bits_per_second":	11534370.375102445,
				"retransmits":	0,
				"omitted":	false,
				"sender":	true
			}
		}, {
			"streams":	[{
					"socket":	5,
					"start":	9.001115,
					"end":	10.000843,
					"seconds":	0.99972802400589,
					"bytes":	0,
					"bits_per_second":	0,
					"retransmits":	0,
					"snd_cwnd":	822464,
					"snd_wnd":	1734656,
					"rtt":	652533,
					"rttvar":	369,
					"pmtu":	1500,
					"omitted":	false,
					"sender":	true
				}],
			"sum":	{
				"start":	9.001115,
				"end":	10.000843,
				"seconds":	0.99972802400589,
				"bytes":	0,
				"bits_per_second":	0,
				"retransmits":	0,
				"omitted":	false,
				"sender":	true
			}
		}, {
			"streams":	[{
					"socket":	5,
					"start":	10.000843,
					"end":	11.001099,
					"seconds":	1.0002559423446655,
					"bytes":	1441792,
					"bits_per_second":	11531384.630380461,
					"retransmits":	0,
					"snd_cwnd":	887624,
					"snd_wnd":	1818880,
					"rtt":	700755,
					"rttvar":	1478,
					"pmtu":	1500,
					"omitted":	false,
					"sender":	true
				}],
			"sum":	{
				"start":	10.000843,
				"end":	11.001099,
				"seconds":	1.0002559423446655,
				"bytes":	1441792,
				"bits_per_second":	11531384.630380461,
				"retransmits":	0,
				"omitted":	false,
				"sender":	true
			}
		}, {
			"streams":	[{
					"socket":	5,
					"start":	11.001099,
					"end":	12.001115,
					"seconds":	1.0000159740448,
					"bytes":	1441792,
					"bits_per_second":	11534151.752943171,
					"retransmits":	0,
					"snd_cwnd":	1035320,
					"snd_wnd":	1896576,
					"rtt":	762819,
					"rttvar":	2029,
					"pmtu":	1500,
					"omitted":	false,
					"sender":	true
				}],
			"sum":	{
				"start":	11.001099,
				"end":	12.001115,
				"seconds":	1.0000159740448,
				"bytes":	1441792,
				"bits_per_second":	11534151.752943171,
				"retransmits":	0,