{
	"start":	{
		"connected":	[{
				"socket":	5,
				"local_host":	"192.168.1.243",
				"local_port":	47830,
				"remote_host":	"192.168.1.165",
				"remote_port":	5201
			}],
		"version":	"iperf 3.19.1",
		"system_info":	"Linux blind-warrior 6.12.47 #1-NixOS SMP PREEMPT_DYNAMIC Thu Sep 11 15:21:47 UTC 2025 x86_64",
		"timestamp":	{
			"time":	"Sun, 16 Nov 2025 21:53:51 GMT",
			"timesecs":	1763330031
		},
		"connecting_to":	{
			"host":	"192.168.1.165",
			"port":	5201
		},
		"cookie":	"zxvb6m2ytgqutxvf2t3337pk3shru34nzo43",
		"tcp_mss_default":	1448,
		"target_bitrate":	0,
		"fq_rate":	0,
		"sock_bufsize":	0,
		"sndbuf_actual":	16384,
		"rcvbuf_actual":	131072,
		"test_start":	{
			"protocol":	"TCP",
			"num_streams":	1,
			"blksize":	131072,
			"omit":	0,
			"duration":	30,
			"bytes":	0,
			"blocks":	0,
			"reverse":	0,
			"tos":	0,
			"target_bitrate":	0,
			"bidir":	0,
			"fqrate":	0,
			"interval":	1
		}
	},
	"intervals":	[{
			"streams":	[{
					"socket":	5,
					"start":	0,
					"end":	1.001133,
					"seconds":	1.0011329650878906,
					"bytes":	1572864,
					"bits_per_second":	12568672.13327186,
					"retransmits":	0,
					"snd_cwnd":	130320,
					"snd_wnd":	553984,
					"rtt":	103013,
					"rttvar":	1418,
					"pmtu":	1500,
					"omitted":	false,
					"sender":	true
				}],
			"sum":	{
				"start":	0,
				"end":	1.001133,
				"seconds":	1.0011329650878906,
				"bytes":	1572864,
				"bits_per_second":	12568672.13327186,
				"retransmits":	0,
				"omitted":	false,
				"sender":	true
			}
		}, {
			"streams":	[{
					"socket":	5,
					"start":	1.001133,
					"end":	2.001136,
					"seconds":	1.0000029802322388,
					"bytes":	1835008,
					"bits_per_second":	14680020.250130385,
					"retransmits":	0,
					"snd_cwnd":	191136,
					"snd_wnd":	553984,
					"rtt":	150003,
					"rttvar":	391,
					"pmtu":	1500,
					"omitted":	false,
					"sender":	true
				}],
			"sum":	{
				"start":	1.001133,
				"end":	2.001136,
				"seconds":	1.0000029802322388,
				"bytes":	1835008,
				"bits_per_second":	14680020.250130385,
				"retransmits":	0,
				"omitted":	false,
				"sender":	true
			}
		}, {
			"streams":	[{
					"socket":	5,
					"start":	2.001136,
					"end":	3.001138,
					"seconds":	1.0000020265579224,
					"bytes":	1441792,
					"bits_per_second":	11534312.625047371,
					"retransmits":	0,
					"snd_cwnd":	250504,
					"snd_wnd":	553984,
					"rtt":	197833,
					"rttvar":	1274,
					"pmtu":	1500,
					"omitted":	false,
					"sender":	true
				}],
			"sum":	{
				"start":	2.001136,
				"end":	3.001138,
				"seconds":	1.0000020265579224,
				"bytes":	1441792,
				"bits_per_second":	11534312.625047371,
				"retransmits":	0,
				"omitted":	false,
				"sender":	true
			}
		}, {
			"streams":	[{
					"socket":	5,
					"start":	3.001138,
					"end":	4.001143,
					"seconds":	1.0000050067901611,
					"bytes":	1179648,
					"bits_per_second":	9437136.75023657,
					"retransmits":	0,
					"snd_cwnd":	309872,
					"snd_wnd":	649216,
					"rtt":	245970,
					"rttvar":	1139,
					"pmtu":	1500,
					"omitted":	false,
					"sender":	true
				}],
			"sum":	{
				"start":	3.001138,
				"end":	4.001143,
				"seconds":	1.0000050067901611,
				"bytes":	1179648,
				"bits_per_second":	9437136.75023657,
				"retransmits":	0,
				"omitted":	false,
				"sender":	true
			}
		}, {
			"streams":	[{
					"socket":	5,
					"start":	4.001143,
					"end":	5.001131,
					"seconds":	0.9999880194664,
					"bytes":	1441792,
					"bits_per_second":	11534474.18915558,
					"retransmits":	0,
					"snd_cwnd":	369240,
					"snd_wnd":	771456,
					"rtt":	293507,
					"rttvar":	1186,
					"pmtu":	1500,
					"omitted":	false,
					"sender":	true
				}],
			"sum":	{
				"start":	4.001143,
				"end":	5.001131,
				"seconds":	0.9999880194664,
				"bytes":	1441792,
				"bits_per_second":	11534474.18915558,
				"retransmits":	0,
				"omitted":	false,
				"sender":	true
			}
		}, {
			"streams":	[{
					"socket":	5,
					"start":	5.001131,
					"end":	6.001134,
					"seconds":	1.0000029802322388,
					"bytes":	1703936,
					"bits_per_second":	13631447.375121072,
					"retransmits":	0,
					"snd_cwnd":	430056,
					"snd_wnd":	890880,
					"rtt":	340637,
					"rttvar":	1380,
					"pmtu":	1500,
					"omitted":	false,
					"sender":	true
				}],
			"sum":	{
				"start":	5.001131,
				"end":	6.001134,
				"seconds":	1.0000029802322388,
				"bytes":	1703936,
				"bits_per_second":	13631447.375121072,
				"retransmits":	0,
				"omitted":	false,
				"sender":	true
			}
		}, {
			"streams":	[{
					"socket":	5,
					"start":	6.001134,
					"end":	7.001136,
					"seconds":	1.0000020265579224,
					"bytes":	1835008,
					"bits_per_second":	14680034.25006029,
					"retransmits":	0,
					"snd_cwnd":	489424,
					"snd_wnd":	1021056,
					"rtt":	388605,
					"rttvar":	536,
					"pmtu":	1500,
					"omitted":	false,
					"sender":	true
				}],
			"sum":	{
				"start":	6.001134,
				"end":	7.001136,
				"seconds":	1.0000020265579224,
				"bytes":	1835008,
				"bits_per_second":	14680034.25006029,
				"retransmits":	0,
				"omitted":	false,
				"sender":	true
			}
		}, {
			"streams":	[{
					"socket":	5,
					"start":	7.001136,
					"end":	8.001127,
					"seconds":	0.999990999698639,
					"bytes":	1048576,
					"bits_per_second":	8388683.50067953,
					"retransmits":	0,
					"snd_cwnd":	548792,
					"snd_wnd":	1135488,
					"rtt":	435904,
					"rttvar":	649,
					"pmtu":	1500,
					"omitted":	false,
					"sender":	true
				}],
			"sum":	{
				"start":	7.001136,
				"end":	8.001127,
				"seconds":	0.999990999698639,
				"bytes":	1048576,
				"bits_per_second":	8388683.50067953,
				"retransmits":	0,
				"omitted":	false,
				"sender":	true
			}
		}, {
			"streams":	[{
					"socket":	5,
					"start":	8.001127,
					"end":	9.001151,
					"seconds":	1.0000239610672,
					"bytes":	1310720,
					"bits_per_second":	10485508.756020075,
					"retransmits":	0,
					"snd_cwnd":	609608,
					"snd_wnd":	1252096,
					"rtt":	483502,
					"rttvar":	1049,
					"pmtu":	1500,
					"omitted":	false,
					"sender":	true
				}],
			"sum":	{
				"start":	8.001127,
				"end":	9.001151,
				"seconds":	1.0000239610672,
				"bytes":	1310720,
				"bits_per_second":	10485508.756020075,
				"retransmits":	0,
				"omitted":	false,
				"sender":	true
			}
		}, {
			"streams":	[{
					"socket":	5,
					"start":	9.001151,
					"end":	10.001127,
					"seconds":	0.99997597932815552,
					"bytes":	1179648,
					"bits_per_second":	9437410.6929453164,
					"retransmits":	0,
					"snd_cwnd":	668976,
					"snd_wnd":	1370624,
					"rtt":	531620,
					"rttvar":	1547,
					"pmtu":	1500,
					"omitted":	false,
					"sender":	true
				}],
			"sum":	{
				"start":	9.001151,
				"end":	10.001127,
				"seconds":	0.99997597932815552,
				"bytes":	1179648,
				"bits_per_second":	9437410.6929453164,
				"retransmits":	0,
				"omitted":	false,
				"sender":	true
			}
		}, {
			"streams":	[{
					"socket":	5,
					"start":	10.001127,
					"end":	11.001127,
					"seconds":	1,
					"bytes":	1310720,
					"bits_per_second":	10485760,
					"retransmits":	0,
					"snd_cwnd":	751512,
					"snd_wnd":	1507328,
					"rtt":	578806,
					"rttvar":	828,
					"pmtu":	1500,
					"omitted":	false,
					"sender":	true
				}],
			"sum":	{
				"start":	10.001127,
				"end":	11.001127,
				"seconds":	1,
				"bytes":	1310720,
				"bits_per_second":	10485760,
				"retransmits":	0,
				"omitted":	false,
				"sender":	true
			}
		}, {
			"streams":	[{
					"socket":	5,
					"start":	11.001127,
					"end":	12.001119,
					"seconds":	0.9999920129776,
					"bytes":	1441792,
					"bits_per_second":	11534428.12573581,
					"retransmits":	0,
					"snd_cwnd":	926720,
					"snd_wnd":	1758080,
					"rtt":	670080,
					"rttvar":	1398,
					"pmtu":	1500,
					"omitted":	false,
					"sender":	true
				}],
			"sum":	{
				"start":	11.001127,
				"end":	12.001119,
				"seconds":	0.9999920129776,
				"bytes":	1441792,
				"bits_per_second":	11534428.12573581,
				"retransmits":	0,
				"omitted":	false,