{
	"start":	{
		"connected":	[{
				"socket":	5,
				"local_host":	"192.168.1.243",
				"local_port":	34784,
				"remote_host":	"192.168.1.165",
				"remote_port":	5201
			}],
		"version":	"iperf 3.19.1",
		"system_info":	"Linux blind-warrior 6.12.47 #1-NixOS SMP PREEMPT_DYNAMIC Thu Sep 11 15:21:47 UTC 2025 x86_64",
		"timestamp":	{
			"time":	"Sun, 16 Nov 2025 22:41:15 GMT",
			"timesecs":	1763332875
		},
		"connecting_to":	{
			"host":	"192.168.1.165",
			"port":	5201
		},
		"cookie":	"ufn7hr3qdhjlbr3fwb3tixzwlqbii6x7mfjv",
		"tcp_mss_default":	1448,
		"target_bitrate":	0,
		"fq_rate":	0,
		"sock_bufsize":	0,
		"sndbuf_actual":	16384,
		"rcvbuf_actual":	131072,
		"test_start":	{
			"protocol":	"TCP",
			"num_streams":	1,
			"blksize":	131072,
			"omit":	0,
			"duration":	30,
			"bytes":	0,
			"blocks":	0,
			"reverse":	0,
			"tos":	0,
			"target_bitrate":	0,
			"bidir":	0,
			"fqrate":	0,
			"interval":	1
		}
	},
	"intervals":	[{
			"streams":	[{
					"socket":	5,
					"start":	0,
					"end":	1.001125,
					"seconds":	1.0011249780654907,
					"bytes":	3407872,
					"bits_per_second":	27232340.214586608,
					"retransmits":	0,
					"snd_cwnd":	490872,
					"snd_wnd":	1309696,
					"rtt":	333156,
					"rttvar":	7670,
					"pmtu":	1500,
					"omitted":	false,
					"sender":	true
				}],
			"sum":	{
				"start":	0,
				"end":	1.001125,
				"seconds":	1.0011249780654907,
				"bytes":	3407872,
				"bits_per_second":	27232340.214586608,
				"retransmits":	0,
				"omitted":	false,
				"sender":	true
			}
		}, {
			"streams":	[{
					"socket":	5,
					"start":	1.001125,
					"end":	2.001152,
					"seconds":	1.0000269412994385,
					"bytes":	1048576,
					"bits_per_second":	8388382.00608857,
					"retransmits":	0,
					"snd_cwnd":	551688,
					"snd_wnd":	2091648,
					"rtt":	437763,
					"rttvar":	1224,
					"pmtu":	1500,
					"omitted":	false,
					"sender":	true
				}],
			"sum":	{
				"start":	1.001125,
				"end":	2.001152,
				"seconds":	1.0000269412994385,
				"bytes":	1048576,
				"bits_per_second":	8388382.00608857,
				"retransmits":	0,
				"omitted":	false,
				"sender":	true
			}
		}, {
			"streams":	[{
					"socket":	5,
					"start":	2.001152,
					"end":	3.001143,
					"seconds":	0.999990999698639,
					"bytes":	1179648,
					"bits_per_second":	9437268.93826447,
					"retransmits":	0,
					"snd_cwnd":	611056,
					"snd_wnd":	2091648,
					"rtt":	485214,
					"rttvar":	543,
					"pmtu":	1500,
					"omitted":	false,
					"sender":	true
				}],
			"sum":	{
				"start":	2.001152,
				"end":	3.001143,
				"seconds":	0.999990999698639,
				"bytes":	1179648,
				"bits_per_second":	9437268.93826447,
				"retransmits":	0,
				"omitted":	false,
				"sender":	true
			}
		}, {
			"streams":	[{
					"socket":	5,
					"start":	3.001143,
					"end":	4.001132,
					"seconds":	0.99998897314071655,
					"bytes":	1179648,
					"bits_per_second":	9437288.0636474956,
					"retransmits":	0,
					"snd_cwnd":	670424,
					"snd_wnd":	2091648,
					"rtt":	532617,
					"rttvar":	439,
					"pmtu":	1500,
					"omitted":	false,
					"sender":	true
				}],
			"sum":	{
				"start":	3.001143,
				"end":	4.001132,
				"seconds":	0.99998897314071655,
				"bytes":	1179648,
				"bits_per_second":	9437288.0636474956,
				"retransmits":	0,
				"omitted":	false,
				"sender":	true
			}
		}, {
			"streams":	[{
					"socket":	5,
					"start":	4.001132,
					"end":	5.00114,
					"seconds":	1.0000079870224,
					"bytes":	1441792,
					"bits_per_second":	11534243.8757358,
					"retransmits":	0,
					"snd_cwnd":	729792,
					"snd_wnd":	2097408,
					"rtt":	580667,
					"rttvar":	1190,
					"pmtu":	1500,
					"omitted":	false,
					"sender":	true
				}],
			"sum":	{
				"start":	4.001132,
				"end":	5.00114,
				"seconds":	1.0000079870224,
				"bytes":	1441792,
				"bits_per_second":	11534243.8757358,
				"retransmits":	0,
				"omitted":	false,
				"sender":	true
			}
		}, {
			"streams":	[{
					"socket":	5,
					"start":	5.00114,
					"end":	6.001185,
					"seconds":	1.0000449419021606,
					"bytes":	1441792,
					"bits_per_second":	11533817.648295712,
					"retransmits":	0,
					"snd_cwnd":	790608,
					"snd_wnd":	2097408,
					"rtt":	627780,
					"rttvar":	1135,
					"pmtu":	1500,
					"omitted":	false,
					"sender":	true
				}],
			"sum":	{
				"start":	5.00114,
				"end":	6.001185,
				"seconds":	1.0000449419021606,
				"bytes":	1441792,
				"bits_per_second":	11533817.648295712,
				"retransmits":	0,
				"omitted":	false,
				"sender":	true
			}
		}, {
			"streams":	[{
					"socket":	5,
					"start":	6.001185,
					"end":	7.001162,
					"seconds":	0.9999769926071167,
					"bytes":	1310720,
					"bits_per_second":	10486001.255550662,
					"retransmits":	0,
					"snd_cwnd":	849976,
					"snd_wnd":	2097408,
					"rtt":	676418,
					"rttvar":	1157,
					"pmtu":	1500,
					"omitted":	false,
					"sender":	true
				}],
			"sum":	{
				"start":	6.001185,
				"end":	7.001162,
				"seconds":	0.9999769926071167,
				"bytes":	1310720,
				"bits_per_second":	10486001.255550662,
				"retransmits":	0,
				"omitted":	false,
				"sender":	true
			}
		}, {
			"streams":	[{
					"socket":	5,
					"start":	7.001162,
					"end":	8.000157,
					"seconds":	0.998995006084442,
					"bytes":	1441792,
					"bits_per_second":	11545939.599046441,
					"retransmits":	0,
					"snd_cwnd":	909344,
					"snd_wnd":	2097408,
					"rtt":	722996,
					"rttvar":	211,
					"pmtu":	1500,
					"omitted":	false,
					"sender":	true
				}],
			"sum":	{
				"start":	7.001162,
				"end":	8.000157,
				"seconds":	0.998995006084442,
				"bytes":	1441792,
				"bits_per_second":	11545939.599046441,
				"retransmits":	0,
				"omitted":	false,
				"sender":	true
			}
		}, {
			"streams":	[{
					"socket":	5,
					"start":	8.000157,
					"end":	9.001133,
					"seconds":	1.0009759664535522,
					"bytes":	1441792,
					"bits_per_second":	11523089.850864287,
					"retransmits":	0,
					"snd_cwnd":	970160,
					"snd_wnd":	2097408,
					"rtt":	770858,
					"rttvar":	1229,
					"pmtu":	1500,
					"omitted":	false,
					"sender":	true
				}],
			"sum":	{
				"start":	8.000157,
				"end":	9.001133,
				"seconds":	1.0009759664535522,
				"bytes":	1441792,
				"bits_per_second":	11523089.850864287,
				"retransmits":	0,
				"omitted":	false,
				"sender":	true
			}
		}, {
			"streams":	[{
					"socket":	5,
					"start":	9.001133,
					"end":	10.001334,
					"seconds":	1.0002009868621826,
					"bytes":	0,
					"bits_per_second":	0,
					"retransmits":	84,
					"snd_cwnd":	734136,
					"snd_wnd":	2103168,
					"rtt":	812723,
					"rttvar":	979,
					"pmtu":	1500,
					"omitted":	false,
					"sender":	true
				}],
			"sum":	{
				"start":	9.001133,
				"end":	10.001334,
				"seconds":	1.0002009868621826,
				"bytes":	0,
				"bits_per_second":	0,
				"retransmits":	84,
				"omitted":	false,
				"sender":	true
			}
		}, {
			"streams":	[{
					"socket":	5,
					"start":	10.001334,
					"end":	11.001323,
					"seconds":	0.99998897314071655,
					"bytes":	1835008,
					"bits_per_second":	14680225.876784993,
					"retransmits":	228,
					"snd_cwnd":	570512,
					"snd_wnd":	2103168,
					"rtt":	493775,
					"rttvar":	4018,
					"pmtu":	1500,
					"omitted":	false,
					"sender":	true
				}],
			"sum":	{
				"start":	10.001334,
				"end":	11.001323,
				"seconds":	0.99998897314071655,
				"bytes":	1835008,
				"bits_per_second":	14680225.876784993,
				"retransmits":	228,
				"omitted":	false,
				"sender":	true
			}
		}, {
			"streams":	[{
					"socket":	5,
					"start":	11.001323,
					"end":	12.001183,
					"seconds":	0.99985998868942261,
					"bytes":	0,
					"bits_per_second":	0,
					"retransmits":	172,
					"snd_cwnd":	385168,
					"snd_wnd":	2103168,
					"rtt":	291749,
					"rttvar":	7431,
					"pmtu":	1500,
					"omitted":	false,
					"sender":	true
				}],
			"sum":	{
				"start":	11.001323,
				"end":	12.001183,
				"seconds":	0.99985998868942261,
				"bytes":	0,
				"bits_per_second":	0,
				"retransmits":	172,
				"omitted":	false,