{
	"start":	{
		"connected":	[{
				"socket":	5,
				"local_host":	"192.168.1.243",
				"local_port":	58820,
				"remote_host":	"192.168.1.165",
				"remote_port":	5201
			}],
		"version":	"iperf 3.19.1",
		"system_info":	"Linux blind-warrior 6.12.47 #1-NixOS SMP PREEMPT_DYNAMIC Thu Sep 11 15:21:47 UTC 2025 x86_64",
		"timestamp":	{
			"time":	"Sun, 16 Nov 2025 23:11:42 GMT",
			"timesecs":	1763334702
		},
		"connecting_to":	{
			"host":	"192.168.1.165",
			"port":	5201
		},
		"cookie":	"jxdjhtsynvklnl2nhqcs6csgh5s74loe5tfp",
		"tcp_mss_default":	1448,
		"target_bitrate":	0,
		"fq_rate":	0,
		"sock_bufsize":	0,
		"sndbuf_actual":	16384,
		"rcvbuf_actual":	131072,
		"test_start":	{
			"protocol":	"TCP",
			"num_streams":	1,
			"blksize":	131072,
			"omit":	0,
			"duration":	30,
			"bytes":	0,
			"blocks":	0,
			"reverse":	0,
			"tos":	0,
			"target_bitrate":	0,
			"bidir":	0,
			"fqrate":	0,
			"interval":	1
		}
	},
	"intervals":	[{
			"streams":	[{
					"socket":	5,
					"start":	0,
					"end":	1.0011,
					"seconds":	1.0010999441146851,
					"bytes":	3276800,
					"bits_per_second":	26185597.306353364,
					"retransmits":	0,
					"snd_cwnd":	502456,
					"snd_wnd":	1326848,
					"rtt":	332487,
					"rttvar":	7636,
					"pmtu":	1500,
					"omitted":	false,
					"sender":	true
				}],
			"sum":	{
				"start":	0,
				"end":	1.0011,
				"seconds":	1.0010999441146851,
				"bytes":	3276800,
				"bits_per_second":	26185597.306353364,
				"retransmits":	0,
				"omitted":	false,
				"sender":	true
			}
		}, {
			"streams":	[{
					"socket":	5,
					"start":	1.0011,
					"end":	2.001135,
					"seconds":	1.0000350475311279,
					"bytes":	1179648,
					"bits_per_second":	9436853.2615915649,
					"retransmits":	0,
					"snd_cwnd":	561824,
					"snd_wnd":	2091392,
					"rtt":	446488,
					"rttvar":	1346,
					"pmtu":	1500,
					"omitted":	false,
					"sender":	true
				}],
			"sum":	{
				"start":	1.0011,
				"end":	2.001135,
				"seconds":	1.0000350475311279,
				"bytes":	1179648,
				"bits_per_second":	9436853.2615915649,
				"retransmits":	0,
				"omitted":	false,
				"sender":	true
			}
		}, {
			"streams":	[{
					"socket":	5,
					"start":	2.001135,
					"end":	3.001134,
					"seconds":	0.99999898672103882,
					"bytes":	1179648,
					"bits_per_second":	9437193.56250969,
					"retransmits":	0,
					"snd_cwnd":	621192,
					"snd_wnd":	2143616,
					"rtt":	493868,
					"rttvar":	662,
					"pmtu":	1500,
					"omitted":	false,
					"sender":	true
				}],
			"sum":	{
				"start":	2.001135,
				"end":	3.001134,
				"seconds":	0.99999898672103882,
				"bytes":	1179648,
				"bits_per_second":	9437193.56250969,
				"retransmits":	0,
				"omitted":	false,
				"sender":	true
			}
		}, {
			"streams":	[{
					"socket":	5,
					"start":	3.001134,
					"end":	4.001116,
					"seconds":	0.99998199939727783,
					"bytes":	1310720,
					"bits_per_second":	10485948.753397675,
					"retransmits":	0,
					"snd_cwnd":	682008,
					"snd_wnd":	2143616,
					"rtt":	541196,
					"rttvar":	413,
					"pmtu":	1500,
					"omitted":	false,
					"sender":	true
				}],
			"sum":	{
				"start":	3.001134,
				"end":	4.001116,
				"seconds":	0.99998199939727783,
				"bytes":	1310720,
				"bits_per_second":	10485948.753397675,
				"retransmits":	0,
				"omitted":	false,
				"sender":	true
			}
		}, {
			"streams":	[{
					"socket":	5,
					"start":	4.001116,
					"end":	5.001118,
					"seconds":	1.0000020265579224,
					"bytes":	1310720,
					"bits_per_second":	10485738.750043064,
					"retransmits":	0,
					"snd_cwnd":	741376,
					"snd_wnd":	2143616,
					"rtt":	588988,
					"rttvar":	1243,
					"pmtu":	1500,
					"omitted":	false,
					"sender":	true
				}],
			"sum":	{
				"start":	4.001116,
				"end":	5.001118,
				"seconds":	1.0000020265579224,
				"bytes":	1310720,
				"bits_per_second":	10485738.750043064,
				"retransmits":	0,
				"omitted":	false,
				"sender":	true
			}
		}, {
			"streams":	[{
					"socket":	5,
					"start":	5.001118,
					"end":	6.001123,
					"seconds":	1.0000050067901611,
					"bytes":	1441792,
					"bits_per_second":	11534278.25028914,
					"retransmits":	0,
					"snd_cwnd":	800744,
					"snd_wnd":	2143616,
					"rtt":	636732,
					"rttvar":	785,
					"pmtu":	1500,
					"omitted":	false,
					"sender":	true
				}],
			"sum":	{
				"start":	5.001118,
				"end":	6.001123,
				"seconds":	1.0000050067901611,
				"bytes":	1441792,
				"bits_per_second":	11534278.25028914,
				"retransmits":	0,
				"omitted":	false,
				"sender":	true
			}
		}, {
			"streams":	[{
					"socket":	5,
					"start":	6.001123,
					"end":	7.001134,
					"seconds":	1.0000109672546387,
					"bytes":	1441792,
					"bits_per_second":	11534209.501387343,
					"retransmits":	0,
					"snd_cwnd":	861560,
					"snd_wnd":	2143616,
					"rtt":	684083,
					"rttvar":	411,
					"pmtu":	1500,
					"omitted":	false,
					"sender":	true
				}],
			"sum":	{
				"start":	6.001123,
				"end":	7.001134,
				"seconds":	1.0000109672546387,
				"bytes":	1441792,
				"bits_per_second":	11534209.501387343,
				"retransmits":	0,
				"omitted":	false,
				"sender":	true
			}
		}, {
			"streams":	[{
					"socket":	5,
					"start":	7.001134,
					"end":	8.001117,
					"seconds":	0.999983012676239,
					"bytes":	1441792,
					"bits_per_second":	11534531.94082851,
					"retransmits":	0,
					"snd_cwnd":	920928,
					"snd_wnd":	2143616,
					"rtt":	731703,
					"rttvar":	838,
					"pmtu":	1500,
					"omitted":	false,
					"sender":	true
				}],
			"sum":	{
				"start":	7.001134,
				"end":	8.001117,
				"seconds":	0.999983012676239,
				"bytes":	1441792,
				"bits_per_second":	11534531.94082851,
				"retransmits":	0,
				"omitted":	false,
				"sender":	true
			}
		}, {
			"streams":	[{
					"socket":	5,
					"start":	8.001117,
					"end":	9.001118,
					"seconds":	1.0000009536743164,
					"bytes":	1441792,
					"bits_per_second":	11534325.00001049,
					"retransmits":	0,
					"snd_cwnd":	980296,
					"snd_wnd":	2143616,
					"rtt":	779698,
					"rttvar":	1616,
					"pmtu":	1500,
					"omitted":	false,
					"sender":	true
				}],
			"sum":	{
				"start":	8.001117,
				"end":	9.001118,
				"seconds":	1.0000009536743164,
				"bytes":	1441792,
				"bits_per_second":	11534325.00001049,
				"retransmits":	0,
				"omitted":	false,
				"sender":	true
			}
		}, {
			"streams":	[{
					"socket":	5,
					"start":	9.001118,
					"end":	10.001126,
					"seconds":	1.0000079870224,
					"bytes":	0,
					"bits_per_second":	0,
					"retransmits":	0,
					"snd_cwnd":	1039664,
					"snd_wnd":	2143616,
					"rtt":	827439,
					"rttvar":	1389,
					"pmtu":	1500,
					"omitted":	false,
					"sender":	true
				}],
			"sum":	{
				"start":	9.001118,
				"end":	10.001126,
				"seconds":	1.0000079870224,
				"bytes":	0,
				"bits_per_second":	0,
				"retransmits":	0,
				"omitted":	false,
				"sender":	true
			}
		}, {
			"streams":	[{
					"socket":	5,
					"start":	10.001126,
					"end":	11.001133,
					"seconds":	1.0000070333480835,
					"bytes":	1441792,
					"bits_per_second":	11534254.875570577,
					"retransmits":	0,
					"snd_cwnd":	1100480,
					"snd_wnd":	2143616,
					"rtt":	874862,
					"rttvar":	957,
					"pmtu":	1500,
					"omitted":	false,
					"sender":	true
				}],
			"sum":	{
				"start":	10.001126,
				"end":	11.001133,
				"seconds":	1.0000070333480835,
				"bytes":	1441792,
				"bits_per_second":	11534254.875570577,
				"retransmits":	0,
				"omitted":	false,
				"sender":	true
			}
		}, {
			"streams":	[{
					"socket":	5,
					"start":	11.001133,
					"end":	12.00112,
					"seconds":	0.999987006187439,
					"bytes":	1441792,
					"bits_per_second":	11534485.876947474,
					"retransmits":	0,
					"snd_cwnd":	1200392,
					"snd_wnd":	2143616,
					"rtt":	922522,
					"rttvar":	549,
					"pmtu":	1500,
					"omitted":	false,
					"sender":	true
				}],
			"sum":	{
				"start":	11.001133,
				"end":	12.00112,
				"seconds":	0.999987006187439,
				"bytes":	1441792,
				"bits_per_second":	11534485.876947474,
				"retransmits":	0,