{
	"start":	{
		"connected":	[{
				"socket":	5,
				"local_host":	"192.168.1.243",
				"local_port":	40370,
				"remote_host":	"192.168.1.165",
				"remote_port":	5201
			}],
		"version":	"iperf 3.19.1",
		"system_info":	"Linux blind-warrior 6.12.47 #1-NixOS SMP PREEMPT_DYNAMIC Thu Sep 11 15:21:47 UTC 2025 x86_64",
		"timestamp":	{
			"time":	"Sun, 16 Nov 2025 22:15:47 GMT",
			"timesecs":	1763331347
		},
		"connecting_to":	{
			"host":	"192.168.1.165",
			"port":	5201
		},
		"cookie":	"bgmyuun6qwdh7h53frkfrla4ojqrzp62uat3",
		"tcp_mss_default":	1448,
		"target_bitrate":	0,
		"fq_rate":	0,
		"sock_bufsize":	0,
		"sndbuf_actual":	16384,
		"rcvbuf_actual":	131072,
		"test_start":	{
			"protocol":	"TCP",
			"num_streams":	1,
			"blksize":	131072,
			"omit":	0,
			"duration":	30,
			"bytes":	0,
			"blocks":	0,
			"reverse":	0,
			"tos":	0,
			"target_bitrate":	0,
			"bidir":	0,
			"fqrate":	0,
			"interval":	1
		}
	},
	"intervals":	[{
			"streams":	[{
					"socket":	5,
					"start":	0,
					"end":	1.001121,
					"seconds":	1.0011210441589355,
					"bytes":	2359296,
					"bits_per_second":	18853232.693611775,
					"retransmits":	0,
					"snd_cwnd":	283808,
					"snd_wnd":	1256960,
					"rtt":	225978,
					"rttvar":	1208,
					"pmtu":	1500,
					"omitted":	false,
					"sender":	true
				}],
			"sum":	{
				"start":	0,
				"end":	1.001121,
				"seconds":	1.0011210441589355,
				"bytes":	2359296,
				"bits_per_second":	18853232.693611775,
				"retransmits":	0,
				"omitted":	false,
				"sender":	true
			}
		}, {
			"streams":	[{
					"socket":	5,
					"start":	1.001121,
					"end":	2.001118,
					"seconds":	0.99999701976776123,
					"bytes":	1310720,
					"bits_per_second":	10485791.250093132,
					"retransmits":	0,
					"snd_cwnd":	343176,
					"snd_wnd":	1256960,
					"rtt":	272578,
					"rttvar":	1489,
					"pmtu":	1500,
					"omitted":	false,
					"sender":	true
				}],
			"sum":	{
				"start":	1.001121,
				"end":	2.001118,
				"seconds":	0.99999701976776123,
				"bytes":	1310720,
				"bits_per_second":	10485791.250093132,
				"retransmits":	0,
				"omitted":	false,
				"sender":	true
			}
		}, {
			"streams":	[{
					"socket":	5,
					"start":	2.001118,
					"end":	3.001236,
					"seconds":	1.0001180171966553,
					"bytes":	1441792,
					"bits_per_second":	11532974.910631951,
					"retransmits":	0,
					"snd_cwnd":	403992,
					"snd_wnd":	1256960,
					"rtt":	320152,
					"rttvar":	1107,
					"pmtu":	1500,
					"omitted":	false,
					"sender":	true
				}],
			"sum":	{
				"start":	2.001118,
				"end":	3.001236,
				"seconds":	1.0001180171966553,
				"bytes":	1441792,
				"bits_per_second":	11532974.910631951,
				"retransmits":	0,
				"omitted":	false,
				"sender":	true
			}
		}, {
			"streams":	[{
					"socket":	5,
					"start":	3.001236,
					"end":	4.001137,
					"seconds":	0.999900996685028,
					"bytes":	1835008,
					"bits_per_second":	14681517.51890319,
					"retransmits":	0,
					"snd_cwnd":	463360,
					"snd_wnd":	1256960,
					"rtt":	367689,
					"rttvar":	923,
					"pmtu":	1500,
					"omitted":	false,
					"sender":	true
				}],
			"sum":	{
				"start":	3.001236,
				"end":	4.001137,
				"seconds":	0.999900996685028,
				"bytes":	1835008,
				"bits_per_second":	14681517.51890319,
				"retransmits":	0,
				"omitted":	false,
				"sender":	true
			}
		}, {
			"streams":	[{
					"socket":	5,
					"start":	4.001137,
					"end":	5.00112,
					"seconds":	0.999983012676239,
					"bytes":	1048576,
					"bits_per_second":	8388750.5024207346,
					"retransmits":	0,
					"snd_cwnd":	522728,
					"snd_wnd":	1256960,
					"rtt":	415233,
					"rttvar":	453,
					"pmtu":	1500,
					"omitted":	false,
					"sender":	true
				}],
			"sum":	{
				"start":	4.001137,
				"end":	5.00112,
				"seconds":	0.999983012676239,
				"bytes":	1048576,
				"bits_per_second":	8388750.5024207346,
				"retransmits":	0,
				"omitted":	false,
				"sender":	true
			}
		}, {
			"streams":	[{
					"socket":	5,
					"start":	5.00112,
					"end":	6.001224,
					"seconds":	1.0001039505004883,
					"bytes":	2228224,
					"bits_per_second":	17823939.192600258,
					"retransmits":	0,
					"snd_cwnd":	582096,
					"snd_wnd":	1256960,
					"rtt":	463003,
					"rttvar":	1288,
					"pmtu":	1500,
					"omitted":	false,
					"sender":	true
				}],
			"sum":	{
				"start":	5.00112,
				"end":	6.001224,
				"seconds":	1.0001039505004883,
				"bytes":	2228224,
				"bits_per_second":	17823939.192600258,
				"retransmits":	0,
				"omitted":	false,
				"sender":	true
			}
		}, {
			"streams":	[{
					"socket":	5,
					"start":	6.001224,
					"end":	7.001131,
					"seconds":	0.99990701675415039,
					"bytes":	1310720,
					"bits_per_second":	10486735.090667095,
					"retransmits":	0,
					"snd_cwnd":	642912,
					"snd_wnd":	1362048,
					"rtt":	510237,
					"rttvar":	941,
					"pmtu":	1500,
					"omitted":	false,
					"sender":	true
				}],
			"sum":	{
				"start":	6.001224,
				"end":	7.001131,
				"seconds":	0.99990701675415039,
				"bytes":	1310720,
				"bits_per_second":	10486735.090667095,
				"retransmits":	0,
				"omitted":	false,
				"sender":	true
			}
		}, {
			"streams":	[{
					"socket":	5,
					"start":	7.001131,
					"end":	8.001123,
					"seconds":	0.9999920129776,
					"bytes":	1310720,
					"bits_per_second":	10485843.750668919,
					"retransmits":	0,
					"snd_cwnd":	702280,
					"snd_wnd":	1438336,
					"rtt":	558039,
					"rttvar":	693,
					"pmtu":	1500,
					"omitted":	false,
					"sender":	true
				}],
			"sum":	{
				"start":	7.001131,
				"end":	8.001123,
				"seconds":	0.9999920129776,
				"bytes":	1310720,
				"bits_per_second":	10485843.750668919,
				"retransmits":	0,
				"omitted":	false,
				"sender":	true
			}
		}, {
			"streams":	[{
					"socket":	5,
					"start":	8.001123,
					"end":	9.001124,
					"seconds":	1.0000009536743164,
					"bytes":	1441792,
					"bits_per_second":	11534325.00001049,
					"retransmits":	0,
					"snd_cwnd":	761648,
					"snd_wnd":	1571328,
					"rtt":	605276,
					"rttvar":	632,
					"pmtu":	1500,
					"omitted":	false,
					"sender":	true
				}],
			"sum":	{
				"start":	8.001123,
				"end":	9.001124,
				"seconds":	1.0000009536743164,
				"bytes":	1441792,
				"bits_per_second":	11534325.00001049,
				"retransmits":	0,
				"omitted":	false,
				"sender":	true
			}
		}, {
			"streams":	[{
					"socket":	5,
					"start":	9.001124,
					"end":	10.001119,
					"seconds":	0.999994993209839,
					"bytes":	0,
					"bits_per_second":	0,
					"retransmits":	0,
					"snd_cwnd":	822464,
					"snd_wnd":	1744000,
					"rtt":	652675,
					"rttvar":	245,
					"pmtu":	1500,
					"omitted":	false,
					"sender":	true
				}],
			"sum":	{
				"start":	9.001124,
				"end":	10.001119,
				"seconds":	0.999994993209839,
				"bytes":	0,
				"bits_per_second":	0,
				"retransmits":	0,
				"omitted":	false,
				"sender":	true
			}
		}, {
			"streams":	[{
					"socket":	5,
					"start":	10.001119,
					"end":	11.001125,
					"seconds":	1.0000059604644775,
					"bytes":	1441792,
					"bits_per_second":	11534267.25040978,
					"retransmits":	0,
					"snd_cwnd":	887624,
					"snd_wnd":	1812352,
					"rtt":	700963,
					"rttvar":	1467,
					"pmtu":	1500,
					"omitted":	false,
					"sender":	true
				}],
			"sum":	{
				"start":	10.001119,
				"end":	11.001125,
				"seconds":	1.0000059604644775,
				"bytes":	1441792,
				"bits_per_second":	11534267.25040978,
				"retransmits":	0,
				"omitted":	false,
				"sender":	true
			}
		}, {
			"streams":	[{
					"socket":	5,
					"start":	11.001125,
					"end":	12.001121,
					"seconds":	0.9999960064888,
					"bytes":	1441792,
					"bits_per_second":	11534382.062683951,
					"retransmits":	0,
					"snd_cwnd":	1035320,
					"snd_wnd":	1915264,
					"rtt":	762621,
					"rttvar":	2255,
					"pmtu":	1500,
					"omitted":	false,
					"sender":	true
				}],
			"sum":	{
				"start":	11.001125,
				"end":	12.001121,
				"seconds":	0.9999960064888,
				"bytes":	1441792,
				"bits_per_second":	11534382.062683951,