{
	"start":	{
		"connected":	[{
				"socket":	5,
				"local_host":	"192.168.1.243",
				"local_port":	32942,
				"remote_host":	"192.168.1.165",
				"remote_port":	5201
			}],
		"version":	"iperf 3.19.1",
		"system_info":	"Linux blind-warrior 6.12.47 #1-NixOS SMP PREEMPT_DYNAMIC Thu Sep 11 15:21:47 UTC 2025 x86_64",
		"timestamp":	{
			"time":	"Sun, 16 Nov 2025 23:12:28 GMT",
			"timesecs":	1763334748
		},
		"connecting_to":	{
			"host":	"192.168.1.165",
			"port":	5201
		},
		"cookie":	"kfk5emvoxlz6mskvo4hqgz62m4yetbnnrdcc",
		"tcp_mss_default":	1448,
		"target_bitrate":	0,
		"fq_rate":	0,
		"sock_bufsize":	0,
		"sndbuf_actual":	16384,
		"rcvbuf_actual":	131072,
		"test_start":	{
			"protocol":	"TCP",
			"num_streams":	1,
			"blksize":	131072,
			"omit":	0,
			"duration":	30,
			"bytes":	0,
			"blocks":	0,
			"reverse":	0,
			"tos":	0,
			"target_bitrate":	0,
			"bidir":	0,
			"fqrate":	0,
			"interval":	1
		}
	},
	"intervals":	[{
			"streams":	[{
					"socket":	5,
					"start":	0,
					"end":	1.001108,
					"seconds":	1.0011080503463745,
					"bytes":	3276800,
					"bits_per_second":	26185385.274776336,
					"retransmits":	0,
					"snd_cwnd":	490872,
					"snd_wnd":	1345152,
					"rtt":	332443,
					"rttvar":	7268,
					"pmtu":	1500,
					"omitted":	false,
					"sender":	true
				}],
			"sum":	{
				"start":	0,
				"end":	1.001108,
				"seconds":	1.0011080503463745,
				"bytes":	3276800,
				"bits_per_second":	26185385.274776336,
				"retransmits":	0,
				"omitted":	false,
				"sender":	true
			}
		}, {
			"streams":	[{
					"socket":	5,
					"start":	1.001108,
					"end":	2.001118,
					"seconds":	1.0000100135803223,
					"bytes":	1179648,
					"bits_per_second":	9437089.500946274,
					"retransmits":	0,
					"snd_cwnd":	550240,
					"snd_wnd":	2089472,
					"rtt":	436866,
					"rttvar":	488,
					"pmtu":	1500,
					"omitted":	false,
					"sender":	true
				}],
			"sum":	{
				"start":	1.001108,
				"end":	2.001118,
				"seconds":	1.0000100135803223,
				"bytes":	1179648,
				"bits_per_second":	9437089.500946274,
				"retransmits":	0,
				"omitted":	false,
				"sender":	true
			}
		}, {
			"streams":	[{
					"socket":	5,
					"start":	2.001118,
					"end":	3.001133,
					"seconds":	1.0000150203704834,
					"bytes":	1179648,
					"bits_per_second":	9437042.2521291059,
					"retransmits":	0,
					"snd_cwnd":	611056,
					"snd_wnd":	2089472,
					"rtt":	485012,
					"rttvar":	1227,
					"pmtu":	1500,
					"omitted":	false,
					"sender":	true
				}],
			"sum":	{
				"start":	2.001118,
				"end":	3.001133,
				"seconds":	1.0000150203704834,
				"bytes":	1179648,
				"bits_per_second":	9437042.2521291059,
				"retransmits":	0,
				"omitted":	false,
				"sender":	true
			}
		}, {
			"streams":	[{
					"socket":	5,
					"start":	3.001133,
					"end":	4.001124,
					"seconds":	0.999990999698639,
					"bytes":	1179648,
					"bits_per_second":	9437268.93826447,
					"retransmits":	0,
					"snd_cwnd":	670424,
					"snd_wnd":	2095232,
					"rtt":	532932,
					"rttvar":	1363,
					"pmtu":	1500,
					"omitted":	false,
					"sender":	true
				}],
			"sum":	{
				"start":	3.001133,
				"end":	4.001124,
				"seconds":	0.999990999698639,
				"bytes":	1179648,
				"bits_per_second":	9437268.93826447,
				"retransmits":	0,
				"omitted":	false,
				"sender":	true
			}
		}, {
			"streams":	[{
					"socket":	5,
					"start":	4.001124,
					"end":	5.001112,
					"seconds":	0.9999880194664,
					"bytes":	1310720,
					"bits_per_second":	10485885.626505073,
					"retransmits":	0,
					"snd_cwnd":	729792,
					"snd_wnd":	2095232,
					"rtt":	580562,
					"rttvar":	1183,
					"pmtu":	1500,
					"omitted":	false,
					"sender":	true
				}],
			"sum":	{
				"start":	4.001124,
				"end":	5.001112,
				"seconds":	0.9999880194664,
				"bytes":	1310720,
				"bits_per_second":	10485885.626505073,
				"retransmits":	0,
				"omitted":	false,
				"sender":	true
			}
		}, {
			"streams":	[{
					"socket":	5,
					"start":	5.001112,
					"end":	6.001146,
					"seconds":	1.000033974647522,
					"bytes":	1441792,
					"bits_per_second":	11533944.138313362,
					"retransmits":	0,
					"snd_cwnd":	790608,
					"snd_wnd":	2095232,
					"rtt":	628129,
					"rttvar":	1303,
					"pmtu":	1500,
					"omitted":	false,
					"sender":	true
				}],
			"sum":	{
				"start":	5.001112,
				"end":	6.001146,
				"seconds":	1.000033974647522,
				"bytes":	1441792,
				"bits_per_second":	11533944.138313362,
				"retransmits":	0,
				"omitted":	false,
				"sender":	true
			}
		}, {
			"streams":	[{
					"socket":	5,
					"start":	6.001146,
					"end":	7.001181,
					"seconds":	1.0000350475311279,
					"bytes":	1441792,
					"bits_per_second":	11533931.764167467,
					"retransmits":	0,
					"snd_cwnd":	849976,
					"snd_wnd":	2095232,
					"rtt":	675565,
					"rttvar":	554,
					"pmtu":	1500,
					"omitted":	false,
					"sender":	true
				}],
			"sum":	{
				"start":	6.001146,
				"end":	7.001181,
				"seconds":	1.0000350475311279,
				"bytes":	1441792,
				"bits_per_second":	11533931.764167467,
				"retransmits":	0,
				"omitted":	false,
				"sender":	true
			}
		}, {
			"streams":	[{
					"socket":	5,
					"start":	7.001181,
					"end":	8.00112,
					"seconds":	0.99993902444839478,
					"bytes":	1441792,
					"bits_per_second":	11535039.355387483,
					"retransmits":	0,
					"snd_cwnd":	909344,
					"snd_wnd":	2095232,
					"rtt":	722864,
					"rttvar":	560,
					"pmtu":	1500,
					"omitted":	false,
					"sender":	true
				}],
			"sum":	{
				"start":	7.001181,
				"end":	8.00112,
				"seconds":	0.99993902444839478,
				"bytes":	1441792,
				"bits_per_second":	11535039.355387483,
				"retransmits":	0,
				"omitted":	false,
				"sender":	true
			}
		}, {
			"streams":	[{
					"socket":	5,
					"start":	8.00112,
					"end":	9.001121,
					"seconds":	1.0000009536743164,
					"bytes":	1441792,
					"bits_per_second":	11534325.00001049,
					"retransmits":	0,
					"snd_cwnd":	968712,
					"snd_wnd":	2095232,
					"rtt":	770362,
					"rttvar":	862,
					"pmtu":	1500,
					"omitted":	false,
					"sender":	true
				}],
			"sum":	{
				"start":	8.00112,
				"end":	9.001121,
				"seconds":	1.0000009536743164,
				"bytes":	1441792,
				"bits_per_second":	11534325.00001049,
				"retransmits":	0,
				"omitted":	false,
				"sender":	true
			}
		}, {
			"streams":	[{
					"socket":	5,
					"start":	9.001121,
					"end":	10.001124,
					"seconds":	1.0000029802322388,
					"bytes":	1441792,
					"bits_per_second":	11534301.625102445,
					"retransmits":	0,
					"snd_cwnd":	1029528,
					"snd_wnd":	2095232,
					"rtt":	818426,
					"rttvar":	1620,
					"pmtu":	1500,
					"omitted":	false,
					"sender":	true
				}],
			"sum":	{
				"start":	9.001121,
				"end":	10.001124,
				"seconds":	1.0000029802322388,
				"bytes":	1441792,
				"bits_per_second":	11534301.625102445,
				"retransmits":	0,
				"omitted":	false,
				"sender":	true
			}
		}, {
			"streams":	[{
					"socket":	5,
					"start":	10.001124,
					"end":	11.001098,
					"seconds":	0.999974012374878,
					"bytes":	0,
					"bits_per_second":	0,
					"retransmits":	0,
					"snd_cwnd":	1088896,
					"snd_wnd":	2095232,
					"rtt":	865539,
					"rttvar":	585,
					"pmtu":	1500,
					"omitted":	false,
					"sender":	true
				}],
			"sum":	{
				"start":	10.001124,
				"end":	11.001098,
				"seconds":	0.999974012374878,
				"bytes":	0,
				"bits_per_second":	0,
				"retransmits":	0,
				"omitted":	false,
				"sender":	true
			}
		}, {
			"streams":	[{
					"socket":	5,
					"start":	11.001098,
					"end":	12.001111,
					"seconds":	1.000012993812561,
					"bytes":	1441792,
					"bits_per_second":	11534186.126947422,
					"retransmits":	0,
					"snd_cwnd":	1190256,
					"snd_wnd":	2100992,
					"rtt":	913367,
					"rttvar":	746,
					"pmtu":	1500,
					"omitted":	false,
					"sender":	true
				}],
			"sum":	{
				"start":	11.001098,
				"end":	12.001111,
				"seconds":	1.000012993812561,
				"bytes":	1441792,
				"bits_per_second":	11534186.126947422,