{
	"start":	{
		"connected":	[{
				"socket":	5,
				"local_host":	"192.168.1.243",
				"local_port":	38828,
				"remote_host":	"192.168.1.165",
				"remote_port":	5201
			}],
		"version":	"iperf 3.19.1",
		"system_info":	"Linux blind-warrior 6.12.47 #1-NixOS SMP PREEMPT_DYNAMIC Thu Sep 11 15:21:47 UTC 2025 x86_64",
		"timestamp":	{
			"time":	"Sun, 16 Nov 2025 22:20:56 GMT",
			"timesecs":	1763331656
		},
		"connecting_to":	{
			"host":	"192.168.1.165",
			"port":	5201
		},
		"cookie":	"3di5gnkuunxsozmtnsuo6m6ebia77qu6vgux",
		"tcp_mss_default":	1448,
		"target_bitrate":	0,
		"fq_rate":	0,
		"sock_bufsize":	0,
		"sndbuf_actual":	16384,
		"rcvbuf_actual":	131072,
		"test_start":	{
			"protocol":	"TCP",
			"num_streams":	1,
			"blksize":	131072,
			"omit":	0,
			"duration":	30,
			"bytes":	0,
			"blocks":	0,
			"reverse":	0,
			"tos":	0,
			"target_bitrate":	0,
			"bidir":	0,
			"fqrate":	0,
			"interval":	1
		}
	},
	"intervals":	[{
			"streams":	[{
					"socket":	5,
					"start":	0,
					"end":	1.001119,
					"seconds":	1.0011190176010132,
					"bytes":	2359296,
					"bits_per_second":	18853270.858073149,
					"retransmits":	0,
					"snd_cwnd":	283808,
					"snd_wnd":	1204864,
					"rtt":	225452,
					"rttvar":	758,
					"pmtu":	1500,
					"omitted":	false,
					"sender":	true
				}],
			"sum":	{
				"start":	0,
				"end":	1.001119,
				"seconds":	1.0011190176010132,
				"bytes":	2359296,
				"bits_per_second":	18853270.858073149,
				"retransmits":	0,
				"omitted":	false,
				"sender":	true
			}
		}, {
			"streams":	[{
					"socket":	5,
					"start":	1.001119,
					"end":	2.001135,
					"seconds":	1.0000159740448,
					"bytes":	1310720,
					"bits_per_second":	10485592.50267561,
					"retransmits":	0,
					"snd_cwnd":	343176,
					"snd_wnd":	1204864,
					"rtt":	272219,
					"rttvar":	584,
					"pmtu":	1500,
					"omitted":	false,
					"sender":	true
				}],
			"sum":	{
				"start":	1.001119,
				"end":	2.001135,
				"seconds":	1.0000159740448,
				"bytes":	1310720,
				"bits_per_second":	10485592.50267561,
				"retransmits":	0,
				"omitted":	false,
				"sender":	true
			}
		}, {
			"streams":	[{
					"socket":	5,
					"start":	2.001135,
					"end":	3.001296,
					"seconds":	1.0001610517501831,
					"bytes":	1572864,
					"bits_per_second":	12580885.826318817,
					"retransmits":	0,
					"snd_cwnd":	403992,
					"snd_wnd":	1204864,
					"rtt":	319545,
					"rttvar":	309,
					"pmtu":	1500,
					"omitted":	false,
					"sender":	true
				}],
			"sum":	{
				"start":	2.001135,
				"end":	3.001296,
				"seconds":	1.0001610517501831,
				"bytes":	1572864,
				"bits_per_second":	12580885.826318817,
				"retransmits":	0,
				"omitted":	false,
				"sender":	true
			}
		}, {
			"streams":	[{
					"socket":	5,
					"start":	3.001296,
					"end":	4.00112,
					"seconds":	0.99982398748397827,
					"bytes":	1835008,
					"bits_per_second":	14682648.329874404,
					"retransmits":	0,
					"snd_cwnd":	463360,
					"snd_wnd":	1204864,
					"rtt":	367367,
					"rttvar":	1073,
					"pmtu":	1500,
					"omitted":	false,
					"sender":	true
				}],
			"sum":	{
				"start":	3.001296,
				"end":	4.00112,
				"seconds":	0.99982398748397827,
				"bytes":	1835008,
				"bits_per_second":	14682648.329874404,
				"retransmits":	0,
				"omitted":	false,
				"sender":	true
			}
		}, {
			"streams":	[{
					"socket":	5,
					"start":	4.00112,
					"end":	5.001148,
					"seconds":	1.0000280141830444,
					"bytes":	1048576,
					"bits_per_second":	8388373.00658315,
					"retransmits":	0,
					"snd_cwnd":	522728,
					"snd_wnd":	1204864,
					"rtt":	415295,
					"rttvar":	1462,
					"pmtu":	1500,
					"omitted":	false,
					"sender":	true
				}],
			"sum":	{
				"start":	4.00112,
				"end":	5.001148,
				"seconds":	1.0000280141830444,
				"bytes":	1048576,
				"bits_per_second":	8388373.00658315,
				"retransmits":	0,
				"omitted":	false,
				"sender":	true
			}
		}, {
			"streams":	[{
					"socket":	5,
					"start":	5.001148,
					"end":	6.001127,
					"seconds":	0.999979019165039,
					"bytes":	1048576,
					"bits_per_second":	8388784.0036927052,
					"retransmits":	0,
					"snd_cwnd":	582096,
					"snd_wnd":	1231104,
					"rtt":	463141,
					"rttvar":	1127,
					"pmtu":	1500,
					"omitted":	false,
					"sender":	true
				}],
			"sum":	{
				"start":	5.001148,
				"end":	6.001127,
				"seconds":	0.999979019165039,
				"bytes":	1048576,
				"bits_per_second":	8388784.0036927052,
				"retransmits":	0,
				"omitted":	false,
				"sender":	true
			}
		}, {
			"streams":	[{
					"socket":	5,
					"start":	6.001127,
					"end":	7.00112,
					"seconds":	0.99999302625656128,
					"bytes":	2490368,
					"bits_per_second":	19923082.938468922,
					"retransmits":	0,
					"snd_cwnd":	642912,
					"snd_wnd":	1349760,
					"rtt":	510844,
					"rttvar":	658,
					"pmtu":	1500,
					"omitted":	false,
					"sender":	true
				}],
			"sum":	{
				"start":	6.001127,
				"end":	7.00112,
				"seconds":	0.99999302625656128,
				"bytes":	2490368,
				"bits_per_second":	19923082.938468922,
				"retransmits":	0,
				"omitted":	false,
				"sender":	true
			}
		}, {
			"streams":	[{
					"socket":	5,
					"start":	7.00112,
					"end":	8.001133,
					"seconds":	1.000012993812561,
					"bytes":	1441792,
					"bits_per_second":	11534186.126947422,
					"retransmits":	0,
					"snd_cwnd":	702280,
					"snd_wnd":	1432576,
					"rtt":	558045,
					"rttvar":	529,
					"pmtu":	1500,
					"omitted":	false,
					"sender":	true
				}],
			"sum":	{
				"start":	7.00112,
				"end":	8.001133,
				"seconds":	1.000012993812561,
				"bytes":	1441792,
				"bits_per_second":	11534186.126947422,
				"retransmits":	0,
				"omitted":	false,
				"sender":	true
			}
		}, {
			"streams":	[{
					"socket":	5,
					"start":	8.001133,
					"end":	9.001124,
					"seconds":	0.999990999698639,
					"bytes":	0,
					"bits_per_second":	0,
					"retransmits":	134,
					"snd_cwnd":	503904,
					"snd_wnd":	1220992,
					"rtt":	514562,
					"rttvar":	2630,
					"pmtu":	1500,
					"omitted":	false,
					"sender":	true
				}],
			"sum":	{
				"start":	8.001133,
				"end":	9.001124,
				"seconds":	0.999990999698639,
				"bytes":	0,
				"bits_per_second":	0,
				"retransmits":	134,
				"omitted":	false,
				"sender":	true
			}
		}, {
			"streams":	[{
					"socket":	5,
					"start":	9.001124,
					"end":	10.001207,
					"seconds":	1.0000829696655273,
					"bytes":	1441792,
					"bits_per_second":	11533379.079395382,
					"retransmits":	178,
					"snd_cwnd":	351864,
					"snd_wnd":	1789056,
					"rtt":	291674,
					"rttvar":	2894,
					"pmtu":	1500,
					"omitted":	false,
					"sender":	true
				}],
			"sum":	{
				"start":	9.001124,
				"end":	10.001207,
				"seconds":	1.0000829696655273,
				"bytes":	1441792,
				"bits_per_second":	11533379.079395382,
				"retransmits":	178,
				"omitted":	false,
				"sender":	true
			}
		}, {
			"streams":	[{
					"socket":	5,
					"start":	10.001207,
					"end":	11.001127,
					"seconds":	0.99992001056671143,
					"bytes":	1572864,
					"bits_per_second":	12583918.580515806,
					"retransmits":	175,
					"snd_cwnd":	179552,
					"snd_wnd":	2979328,
					"rtt":	97053,
					"rttvar":	5665,
					"pmtu":	1500,
					"omitted":	false,
					"sender":	true
				}],
			"sum":	{
				"start":	10.001207,
				"end":	11.001127,
				"seconds":	0.99992001056671143,
				"bytes":	1572864,
				"bits_per_second":	12583918.580515806,
				"retransmits":	175,
				"omitted":	false,
				"sender":	true
			}
		}, {
			"streams":	[{
					"socket":	5,
					"start":	11.001127,
					"end":	12.001313,
					"seconds":	1.0001859664916992,
					"bytes":	0,
					"bits_per_second":	0,
					"retransmits":	104,
					"snd_cwnd":	88328,
					"snd_wnd":	3149056,
					"rtt":	91617,
					"rttvar":	10846,
					"pmtu":	1500,
					"omitted":	false,
					"sender":	true
				}],
			"sum":	{
				"start":	11.001127,
				"end":	12.001313,
				"seconds":	1.0001859664916992,
				"bytes":	0,
				"bits_per_second":	0,
				"retransmits":	104,
				"omitted":	false,