{
	"start":	{
		"connected":	[{
				"socket":	5,
				"local_host":	"192.168.1.243",
				"local_port":	42890,
				"remote_host":	"192.168.1.165",
				"remote_port":	5201
			}],
		"version":	"iperf 3.19.1",
		"system_info":	"Linux blind-warrior 6.12.47 #1-NixOS SMP PREEMPT_DYNAMIC Thu Sep 11 15:21:47 UTC 2025 x86_64",
		"timestamp":	{
			"time":	"Sun, 16 Nov 2025 23:01:34 GMT",
			"timesecs":	1763334094
		},
		"connecting_to":	{
			"host":	"192.168.1.165",
			"port":	5201
		},
		"cookie":	"fak2l3zozqn4h5shkejyvtdyrkx25rsfhwy4",
		"tcp_mss_default":	1448,
		"target_bitrate":	0,
		"fq_rate":	0,
		"sock_bufsize":	0,
		"sndbuf_actual":	16384,
		"rcvbuf_actual":	131072,
		"test_start":	{
			"protocol":	"TCP",
			"num_streams":	1,
			"blksize":	131072,
			"omit":	0,
			"duration":	30,
			"bytes":	0,
			"blocks":	0,
			"reverse":	0,
			"tos":	0,
			"target_bitrate":	0,
			"bidir":	0,
			"fqrate":	0,
			"interval":	1
		}
	},
	"intervals":	[{
			"streams":	[{
					"socket":	5,
					"start":	0,
					"end":	1.001116,
					"seconds":	1.0011160373687744,
					"bytes":	3407872,
					"bits_per_second":	27232583.419255845,
					"retransmits":	0,
					"snd_cwnd":	490872,
					"snd_wnd":	1326848,
					"rtt":	330162,
					"rttvar":	7676,
					"pmtu":	1500,
					"omitted":	false,
					"sender":	true
				}],
			"sum":	{
				"start":	0,
				"end":	1.001116,
				"seconds":	1.0011160373687744,
				"bytes":	3407872,
				"bits_per_second":	27232583.419255845,
				"retransmits":	0,
				"omitted":	false,
				"sender":	true
			}
		}, {
			"streams":	[{
					"socket":	5,
					"start":	1.001116,
					"end":	2.00113,
					"seconds":	1.0000139474868774,
					"bytes":	1048576,
					"bits_per_second":	8388491.0016318336,
					"retransmits":	0,
					"snd_cwnd":	550240,
					"snd_wnd":	2091392,
					"rtt":	437541,
					"rttvar":	1302,
					"pmtu":	1500,
					"omitted":	false,
					"sender":	true
				}],
			"sum":	{
				"start":	1.001116,
				"end":	2.00113,
				"seconds":	1.0000139474868774,
				"bytes":	1048576,
				"bits_per_second":	8388491.0016318336,
				"retransmits":	0,
				"omitted":	false,
				"sender":	true
			}
		}, {
			"streams":	[{
					"socket":	5,
					"start":	2.00113,
					"end":	3.001131,
					"seconds":	1.0000009536743164,
					"bytes":	1179648,
					"bits_per_second":	9437175.0000085831,
					"retransmits":	0,
					"snd_cwnd":	611056,
					"snd_wnd":	2091392,
					"rtt":	484575,
					"rttvar":	862,
					"pmtu":	1500,
					"omitted":	false,
					"sender":	true
				}],
			"sum":	{
				"start":	2.00113,
				"end":	3.001131,
				"seconds":	1.0000009536743164,
				"bytes":	1179648,
				"bits_per_second":	9437175.0000085831,
				"retransmits":	0,
				"omitted":	false,
				"sender":	true
			}
		}, {
			"streams":	[{
					"socket":	5,
					"start":	3.001131,
					"end":	4.001124,
					"seconds":	0.99999302625656128,
					"bytes":	1310720,
					"bits_per_second":	10485833.125509959,
					"retransmits":	0,
					"snd_cwnd":	670424,
					"snd_wnd":	2091392,
					"rtt":	532592,
					"rttvar":	839,
					"pmtu":	1500,
					"omitted":	false,
					"sender":	true
				}],
			"sum":	{
				"start":	3.001131,
				"end":	4.001124,
				"seconds":	0.99999302625656128,
				"bytes":	1310720,
				"bits_per_second":	10485833.125509959,
				"retransmits":	0,
				"omitted":	false,
				"sender":	true
			}
		}, {
			"streams":	[{
					"socket":	5,
					"start":	4.001124,
					"end":	5.001149,
					"seconds":	1.0000250339508057,
					"bytes":	1310720,
					"bits_per_second":	10485497.506571248,
					"retransmits":	0,
					"snd_cwnd":	729792,
					"snd_wnd":	2091392,
					"rtt":	580345,
					"rttvar":	1312,
					"pmtu":	1500,
					"omitted":	false,
					"sender":	true
				}],
			"sum":	{
				"start":	4.001124,
				"end":	5.001149,
				"seconds":	1.0000250339508057,
				"bytes":	1310720,
				"bits_per_second":	10485497.506571248,
				"retransmits":	0,
				"omitted":	false,
				"sender":	true
			}
		}, {
			"streams":	[{
					"socket":	5,
					"start":	5.001149,
					"end":	6.001234,
					"seconds":	1.00008499622345,
					"bytes":	1441792,
					"bits_per_second":	11533355.708321091,
					"retransmits":	0,
					"snd_cwnd":	789160,
					"snd_wnd":	2091392,
					"rtt":	627973,
					"rttvar":	1101,
					"pmtu":	1500,
					"omitted":	false,
					"sender":	true
				}],
			"sum":	{
				"start":	5.001149,
				"end":	6.001234,
				"seconds":	1.00008499622345,
				"bytes":	1441792,
				"bits_per_second":	11533355.708321091,
				"retransmits":	0,
				"omitted":	false,
				"sender":	true
			}
		}, {
			"streams":	[{
					"socket":	5,
					"start":	6.001234,
					"end":	7.001114,
					"seconds":	0.999880015850067,
					"bytes":	1441792,
					"bits_per_second":	11535720.103570491,
					"retransmits":	0,
					"snd_cwnd":	849976,
					"snd_wnd":	2091392,
					"rtt":	675517,
					"rttvar":	704,
					"pmtu":	1500,
					"omitted":	false,
					"sender":	true
				}],
			"sum":	{
				"start":	6.001234,
				"end":	7.001114,
				"seconds":	0.999880015850067,
				"bytes":	1441792,
				"bits_per_second":	11535720.103570491,
				"retransmits":	0,
				"omitted":	false,
				"sender":	true
			}
		}, {
			"streams":	[{
					"socket":	5,
					"start":	7.001114,
					"end":	8.00112,
					"seconds":	1.0000059604644775,
					"bytes":	1441792,
					"bits_per_second":	11534267.25040978,
					"retransmits":	0,
					"snd_cwnd":	909344,
					"snd_wnd":	2091392,
					"rtt":	722838,
					"rttvar":	551,
					"pmtu":	1500,
					"omitted":	false,
					"sender":	true
				}],
			"sum":	{
				"start":	7.001114,
				"end":	8.00112,
				"seconds":	1.0000059604644775,
				"bytes":	1441792,
				"bits_per_second":	11534267.25040978,
				"retransmits":	0,
				"omitted":	false,
				"sender":	true
			}
		}, {
			"streams":	[{
					"socket":	5,
					"start":	8.00112,
					"end":	9.00113,
					"seconds":	1.0000100135803223,
					"bytes":	1441792,
					"bits_per_second":	11534220.501156557,
					"retransmits":	0,
					"snd_cwnd":	968712,
					"snd_wnd":	2091392,
					"rtt":	770233,
					"rttvar":	630,
					"pmtu":	1500,
					"omitted":	false,
					"sender":	true
				}],
			"sum":	{
				"start":	8.00112,
				"end":	9.00113,
				"seconds":	1.0000100135803223,
				"bytes":	1441792,
				"bits_per_second":	11534220.501156557,
				"retransmits":	0,
				"omitted":	false,
				"sender":	true
			}
		}, {
			"streams":	[{
					"socket":	5,
					"start":	9.00113,
					"end":	10.001128,
					"seconds":	0.99999797344207764,
					"bytes":	0,
					"bits_per_second":	0,
					"retransmits":	0,
					"snd_cwnd":	1029528,
					"snd_wnd":	2091392,
					"rtt":	818609,
					"rttvar":	871,
					"pmtu":	1500,
					"omitted":	false,
					"sender":	true
				}],
			"sum":	{
				"start":	9.00113,
				"end":	10.001128,
				"seconds":	0.99999797344207764,
				"bytes":	0,
				"bits_per_second":	0,
				"retransmits":	0,
				"omitted":	false,
				"sender":	true
			}
		}, {
			"streams":	[{
					"socket":	5,
					"start":	10.001128,
					"end":	11.001077,
					"seconds":	0.99994897842407227,
					"bytes":	1441792,
					"bits_per_second":	11534924.53002773,
					"retransmits":	81,
					"snd_cwnd":	797848,
					"snd_wnd":	2097280,
					"rtt":	861287,
					"rttvar":	721,
					"pmtu":	1500,
					"omitted":	false,
					"sender":	true
				}],
			"sum":	{
				"start":	10.001128,
				"end":	11.001077,
				"seconds":	0.99994897842407227,
				"bytes":	1441792,
				"bits_per_second":	11534924.53002773,
				"retransmits":	81,
				"omitted":	false,
				"sender":	true
			}
		}, {
			"streams":	[{
					"socket":	5,
					"start":	11.001077,
					"end":	12.001119,
					"seconds":	1.0000419616699219,
					"bytes":	0,
					"bits_per_second":	0,
					"retransmits":	220,
					"snd_cwnd":	626984,
					"snd_wnd":	2097536,
					"rtt":	531875,
					"rttvar":	46098,
					"pmtu":	1500,
					"omitted":	false,
					"sender":	true
				}],
			"sum":	{
				"start":	11.001077,
				"end":	12.001119,
				"seconds":	1.0000419616699219,
				"bytes":	0,
				"bits_per_second":	0,
				"retransmits":	220,
				"omitted":	false,