{
	"start":	{
		"connected":	[{
				"socket":	5,
				"local_host":	"192.168.1.243",
				"local_port":	54458,
				"remote_host":	"192.168.1.165",
				"remote_port":	5201
			}],
		"version":	"iperf 3.19.1",
		"system_info":	"Linux blind-warrior 6.12.47 #1-NixOS SMP PREEMPT_DYNAMIC Thu Sep 11 15:21:47 UTC 2025 x86_64",
		"timestamp":	{
			"time":	"Sun, 16 Nov 2025 22:48:16 GMT",
			"timesecs":	1763333296
		},
		"connecting_to":	{
			"host":	"192.168.1.165",
			"port":	5201
		},
		"cookie":	"khp5mexm6ful43kfemzj6nq3bw5k2izaf72y",
		"tcp_mss_default":	1448,
		"target_bitrate":	0,
		"fq_rate":	0,
		"sock_bufsize":	0,
		"sndbuf_actual":	16384,
		"rcvbuf_actual":	131072,
		"test_start":	{
			"protocol":	"TCP",
			"num_streams":	1,
			"blksize":	131072,
			"omit":	0,
			"duration":	30,
			"bytes":	0,
			"blocks":	0,
			"reverse":	0,
			"tos":	0,
			"target_bitrate":	0,
			"bidir":	0,
			"fqrate":	0,
			"interval":	1
		}
	},
	"intervals":	[{
			"streams":	[{
					"socket":	5,
					"start":	0,
					"end":	1.001111,
					"seconds":	1.0011110305786133,
					"bytes":	3276800,
					"bits_per_second":	26185307.322853923,
					"retransmits":	0,
					"snd_cwnd":	490872,
					"snd_wnd":	1346304,
					"rtt":	332523,
					"rttvar":	7125,
					"pmtu":	1500,
					"omitted":	false,
					"sender":	true
				}],
			"sum":	{
				"start":	0,
				"end":	1.001111,
				"seconds":	1.0011110305786133,
				"bytes":	3276800,
				"bits_per_second":	26185307.322853923,
				"retransmits":	0,
				"omitted":	false,
				"sender":	true
			}
		}, {
			"streams":	[{
					"socket":	5,
					"start":	1.001111,
					"end":	2.001134,
					"seconds":	1.0000230073928833,
					"bytes":	1179648,
					"bits_per_second":	9436966.8799953647,
					"retransmits":	0,
					"snd_cwnd":	551688,
					"snd_wnd":	2090624,
					"rtt":	437070,
					"rttvar":	322,
					"pmtu":	1500,
					"omitted":	false,
					"sender":	true
				}],
			"sum":	{
				"start":	1.001111,
				"end":	2.001134,
				"seconds":	1.0000230073928833,
				"bytes":	1179648,
				"bits_per_second":	9436966.8799953647,
				"retransmits":	0,
				"omitted":	false,
				"sender":	true
			}
		}, {
			"streams":	[{
					"socket":	5,
					"start":	2.001134,
					"end":	3.001136,
					"seconds":	1.0000020265579224,
					"bytes":	1179648,
					"bits_per_second":	9437164.87503876,
					"retransmits":	0,
					"snd_cwnd":	611056,
					"snd_wnd":	2090624,
					"rtt":	485198,
					"rttvar":	1520,
					"pmtu":	1500,
					"omitted":	false,
					"sender":	true
				}],
			"sum":	{
				"start":	2.001134,
				"end":	3.001136,
				"seconds":	1.0000020265579224,
				"bytes":	1179648,
				"bits_per_second":	9437164.87503876,
				"retransmits":	0,
				"omitted":	false,
				"sender":	true
			}
		}, {
			"streams":	[{
					"socket":	5,
					"start":	3.001136,
					"end":	4.001113,
					"seconds":	0.9999769926071167,
					"bytes":	1179648,
					"bits_per_second":	9437401.1299955957,
					"retransmits":	0,
					"snd_cwnd":	670424,
					"snd_wnd":	2090624,
					"rtt":	532663,
					"rttvar":	535,
					"pmtu":	1500,
					"omitted":	false,
					"sender":	true
				}],
			"sum":	{
				"start":	3.001136,
				"end":	4.001113,
				"seconds":	0.9999769926071167,
				"bytes":	1179648,
				"bits_per_second":	9437401.1299955957,
				"retransmits":	0,
				"omitted":	false,
				"sender":	true
			}
		}, {
			"streams":	[{
					"socket":	5,
					"start":	4.001113,
					"end":	5.00113,
					"seconds":	1.0000170469284058,
					"bytes":	1310720,
					"bits_per_second":	10485581.253047086,
					"retransmits":	0,
					"snd_cwnd":	729792,
					"snd_wnd":	2090624,
					"rtt":	580576,
					"rttvar":	1126,
					"pmtu":	1500,
					"omitted":	false,
					"sender":	true
				}],
			"sum":	{
				"start":	4.001113,
				"end":	5.00113,
				"seconds":	1.0000170469284058,
				"bytes":	1310720,
				"bits_per_second":	10485581.253047086,
				"retransmits":	0,
				"omitted":	false,
				"sender":	true
			}
		}, {
			"streams":	[{
					"socket":	5,
					"start":	5.00113,
					"end":	6.001132,
					"seconds":	1.0000020265579224,
					"bytes":	1441792,
					"bits_per_second":	11534312.625047371,
					"retransmits":	0,
					"snd_cwnd":	790608,
					"snd_wnd":	2090624,
					"rtt":	628186,
					"rttvar":	906,
					"pmtu":	1500,
					"omitted":	false,
					"sender":	true
				}],
			"sum":	{
				"start":	5.00113,
				"end":	6.001132,
				"seconds":	1.0000020265579224,
				"bytes":	1441792,
				"bits_per_second":	11534312.625047371,
				"retransmits":	0,
				"omitted":	false,
				"sender":	true
			}
		}, {
			"streams":	[{
					"socket":	5,
					"start":	6.001132,
					"end":	7.001282,
					"seconds":	1.0001499652862549,
					"bytes":	1441792,
					"bits_per_second":	11532606.509363558,
					"retransmits":	0,
					"snd_cwnd":	849976,
					"snd_wnd":	2125312,
					"rtt":	675500,
					"rttvar":	512,
					"pmtu":	1500,
					"omitted":	false,
					"sender":	true
				}],
			"sum":	{
				"start":	6.001132,
				"end":	7.001282,
				"seconds":	1.0001499652862549,
				"bytes":	1441792,
				"bits_per_second":	11532606.509363558,
				"retransmits":	0,
				"omitted":	false,
				"sender":	true
			}
		}, {
			"streams":	[{
					"socket":	5,
					"start":	7.001282,
					"end":	8.001131,
					"seconds":	0.999849021434784,
					"bytes":	1441792,
					"bits_per_second":	11536077.700459436,
					"retransmits":	0,
					"snd_cwnd":	909344,
					"snd_wnd":	2136960,
					"rtt":	722804,
					"rttvar":	361,
					"pmtu":	1500,
					"omitted":	false,
					"sender":	true
				}],
			"sum":	{
				"start":	7.001282,
				"end":	8.001131,
				"seconds":	0.999849021434784,
				"bytes":	1441792,
				"bits_per_second":	11536077.700459436,
				"retransmits":	0,
				"omitted":	false,
				"sender":	true
			}
		}, {
			"streams":	[{
					"socket":	5,
					"start":	8.001131,
					"end":	9.001121,
					"seconds":	0.99998998641967773,
					"bytes":	1441792,
					"bits_per_second":	11534451.50115658,
					"retransmits":	0,
					"snd_cwnd":	968712,
					"snd_wnd":	2136960,
					"rtt":	770417,
					"rttvar":	868,
					"pmtu":	1500,
					"omitted":	false,
					"sender":	true
				}],
			"sum":	{
				"start":	8.001131,
				"end":	9.001121,
				"seconds":	0.99998998641967773,
				"bytes":	1441792,
				"bits_per_second":	11534451.50115658,
				"retransmits":	0,
				"omitted":	false,
				"sender":	true
			}
		}, {
			"streams":	[{
					"socket":	5,
					"start":	9.001121,
					"end":	10.001133,
					"seconds":	1.0000120401382446,
					"bytes":	1441792,
					"bits_per_second":	11534197.126672054,
					"retransmits":	0,
					"snd_cwnd":	1029528,
					"snd_wnd":	2136960,
					"rtt":	818733,
					"rttvar":	1496,
					"pmtu":	1500,
					"omitted":	false,
					"sender":	true
				}],
			"sum":	{
				"start":	9.001121,
				"end":	10.001133,
				"seconds":	1.0000120401382446,
				"bytes":	1441792,
				"bits_per_second":	11534197.126672054,
				"retransmits":	0,
				"omitted":	false,
				"sender":	true
			}
		}, {
			"streams":	[{
					"socket":	5,
					"start":	10.001133,
					"end":	11.001128,
					"seconds":	0.999994993209839,
					"bytes":	0,
					"bits_per_second":	0,
					"retransmits":	0,
					"snd_cwnd":	1088896,
					"snd_wnd":	2136960,
					"rtt":	866332,
					"rttvar":	1264,
					"pmtu":	1500,
					"omitted":	false,
					"sender":	true
				}],
			"sum":	{
				"start":	10.001133,
				"end":	11.001128,
				"seconds":	0.999994993209839,
				"bytes":	0,
				"bits_per_second":	0,
				"retransmits":	0,
				"omitted":	false,
				"sender":	true
			}
		}, {
			"streams":	[{
					"socket":	5,
					"start":	11.001128,
					"end":	12.001119,
					"seconds":	0.999990999698639,
					"bytes":	1441792,
					"bits_per_second":	11534439.813434353,
					"retransmits":	0,
					"snd_cwnd":	1190256,
					"snd_wnd":	2136960,
					"rtt":	913926,
					"rttvar":	1052,
					"pmtu":	1500,
					"omitted":	false,
					"sender":	true
				}],
			"sum":	{
				"start":	11.001128,
				"end":	12.001119,
				"seconds":	0.999990999698639,
				"bytes":	1441792,
				"bits_per_second":	11534439.813434353,