{
	"start":	{
		"connected":	[{
				"socket":	5,
				"local_host":	"192.168.1.243",
				"local_port":	43346,
				"remote_host":	"192.168.1.165",
				"remote_port":	5201
			}],
		"version":	"iperf 3.19.1",
		"system_info":	"Linux blind-warrior 6.12.47 #1-NixOS SMP PREEMPT_DYNAMIC Thu Sep 11 15:21:47 UTC 2025 x86_64",
		"timestamp":	{
			"time":	"Sun, 16 Nov 2025 22:20:12 GMT",
			"timesecs":	1763331612
		},
		"connecting_to":	{
			"host":	"192.168.1.165",
			"port":	5201
		},
		"cookie":	"tgqqbypxnl7tcric33vfad57metsemy6wgpi",
		"tcp_mss_default":	1448,
		"target_bitrate":	0,
		"fq_rate":	0,
		"sock_bufsize":	0,
		"sndbuf_actual":	16384,
		"rcvbuf_actual":	131072,
		"test_start":	{
			"protocol":	"TCP",
			"num_streams":	1,
			"blksize":	131072,
			"omit":	0,
			"duration":	30,
			"bytes":	0,
			"blocks":	0,
			"reverse":	0,
			"tos":	0,
			"target_bitrate":	0,
			"bidir":	0,
			"fqrate":	0,
			"interval":	1
		}
	},
	"intervals":	[{
			"streams":	[{
					"socket":	5,
					"start":	0,
					"end":	1.001119,
					"seconds":	1.0011190176010132,
					"bytes":	2359296,
					"bits_per_second":	18853270.858073149,
					"retransmits":	0,
					"snd_cwnd":	283808,
					"snd_wnd":	1243904,
					"rtt":	225378,
					"rttvar":	631,
					"pmtu":	1500,
					"omitted":	false,
					"sender":	true
				}],
			"sum":	{
				"start":	0,
				"end":	1.001119,
				"seconds":	1.0011190176010132,
				"bytes":	2359296,
				"bits_per_second":	18853270.858073149,
				"retransmits":	0,
				"omitted":	false,
				"sender":	true
			}
		}, {
			"streams":	[{
					"socket":	5,
					"start":	1.001119,
					"end":	2.001117,
					"seconds":	0.99999797344207764,
					"bytes":	1179648,
					"bits_per_second":	9437203.12503876,
					"retransmits":	0,
					"snd_cwnd":	343176,
					"snd_wnd":	1243904,
					"rtt":	272507,
					"rttvar":	1547,
					"pmtu":	1500,
					"omitted":	false,
					"sender":	true
				}],
			"sum":	{
				"start":	1.001119,
				"end":	2.001117,
				"seconds":	0.99999797344207764,
				"bytes":	1179648,
				"bits_per_second":	9437203.12503876,
				"retransmits":	0,
				"omitted":	false,
				"sender":	true
			}
		}, {
			"streams":	[{
					"socket":	5,
					"start":	2.001117,
					"end":	3.001117,
					"seconds":	1,
					"bytes":	1572864,
					"bits_per_second":	12582912,
					"retransmits":	0,
					"snd_cwnd":	403992,
					"snd_wnd":	1243904,
					"rtt":	319425,
					"rttvar":	335,
					"pmtu":	1500,
					"omitted":	false,
					"sender":	true
				}],
			"sum":	{
				"start":	2.001117,
				"end":	3.001117,
				"seconds":	1,
				"bytes":	1572864,
				"bits_per_second":	12582912,
				"retransmits":	0,
				"omitted":	false,
				"sender":	true
			}
		}, {
			"streams":	[{
					"socket":	5,
					"start":	3.001117,
					"end":	4.00113,
					"seconds":	1.000012993812561,
					"bytes":	1835008,
					"bits_per_second":	14679873.252478538,
					"retransmits":	0,
					"snd_cwnd":	463360,
					"snd_wnd":	1243904,
					"rtt":	367536,
					"rttvar":	930,
					"pmtu":	1500,
					"omitted":	false,
					"sender":	true
				}],
			"sum":	{
				"start":	3.001117,
				"end":	4.00113,
				"seconds":	1.000012993812561,
				"bytes":	1835008,
				"bits_per_second":	14679873.252478538,
				"retransmits":	0,
				"omitted":	false,
				"sender":	true
			}
		}, {
			"streams":	[{
					"socket":	5,
					"start":	4.00113,
					"end":	5.001119,
					"seconds":	0.99998897314071655,
					"bytes":	1048576,
					"bits_per_second":	8388700.5010199957,
					"retransmits":	0,
					"snd_cwnd":	522728,
					"snd_wnd":	1243904,
					"rtt":	414992,
					"rttvar":	1736,
					"pmtu":	1500,
					"omitted":	false,
					"sender":	true
				}],
			"sum":	{
				"start":	4.00113,
				"end":	5.001119,
				"seconds":	0.99998897314071655,
				"bytes":	1048576,
				"bits_per_second":	8388700.5010199957,
				"retransmits":	0,
				"omitted":	false,
				"sender":	true
			}
		}, {
			"streams":	[{
					"socket":	5,
					"start":	5.001119,
					"end":	6.001119,
					"seconds":	1,
					"bytes":	2228224,
					"bits_per_second":	17825792,
					"retransmits":	0,
					"snd_cwnd":	582096,
					"snd_wnd":	1243904,
					"rtt":	463004,
					"rttvar":	1224,
					"pmtu":	1500,
					"omitted":	false,
					"sender":	true
				}],
			"sum":	{
				"start":	5.001119,
				"end":	6.001119,
				"seconds":	1,
				"bytes":	2228224,
				"bits_per_second":	17825792,
				"retransmits":	0,
				"omitted":	false,
				"sender":	true
			}
		}, {
			"streams":	[{
					"socket":	5,
					"start":	6.001119,
					"end":	7.001117,
					"seconds":	0.99999797344207764,
					"bytes":	1179648,
					"bits_per_second":	9437203.12503876,
					"retransmits":	0,
					"snd_cwnd":	642912,
					"snd_wnd":	1362048,
					"rtt":	510599,
					"rttvar":	923,
					"pmtu":	1500,
					"omitted":	false,
					"sender":	true
				}],
			"sum":	{
				"start":	6.001119,
				"end":	7.001117,
				"seconds":	0.99999797344207764,
				"bytes":	1179648,
				"bits_per_second":	9437203.12503876,
				"retransmits":	0,
				"omitted":	false,
				"sender":	true
			}
		}, {
			"streams":	[{
					"socket":	5,
					"start":	7.001117,
					"end":	8.001131,
					"seconds":	1.0000139474868774,
					"bytes":	1441792,
					"bits_per_second":	11534175.12724377,
					"retransmits":	0,
					"snd_cwnd":	702280,
					"snd_wnd":	1419648,
					"rtt":	558042,
					"rttvar":	821,
					"pmtu":	1500,
					"omitted":	false,
					"sender":	true
				}],
			"sum":	{
				"start":	7.001117,
				"end":	8.001131,
				"seconds":	1.0000139474868774,
				"bytes":	1441792,
				"bits_per_second":	11534175.12724377,
				"retransmits":	0,
				"omitted":	false,
				"sender":	true
			}
		}, {
			"streams":	[{
					"socket":	5,
					"start":	8.001131,
					"end":	9.00124,
					"seconds":	1.0001089572906494,
					"bytes":	1441792,
					"bits_per_second":	11533079.386917157,
					"retransmits":	0,
					"snd_cwnd":	761648,
					"snd_wnd":	1571328,
					"rtt":	605355,
					"rttvar":	529,
					"pmtu":	1500,
					"omitted":	false,
					"sender":	true
				}],
			"sum":	{
				"start":	8.001131,
				"end":	9.00124,
				"seconds":	1.0001089572906494,
				"bytes":	1441792,
				"bits_per_second":	11533079.386917157,
				"retransmits":	0,
				"omitted":	false,
				"sender":	true
			}
		}, {
			"streams":	[{
					"socket":	5,
					"start":	9.00124,
					"end":	10.001109,
					"seconds":	0.99986898899078369,
					"bytes":	0,
					"bits_per_second":	0,
					"retransmits":	0,
					"snd_cwnd":	821016,
					"snd_wnd":	1725312,
					"rtt":	653258,
					"rttvar":	878,
					"pmtu":	1500,
					"omitted":	false,
					"sender":	true
				}],
			"sum":	{
				"start":	9.00124,
				"end":	10.001109,
				"seconds":	0.99986898899078369,
				"bytes":	0,
				"bits_per_second":	0,
				"retransmits":	0,
				"omitted":	false,
				"sender":	true
			}
		}, {
			"streams":	[{
					"socket":	5,
					"start":	10.001109,
					"end":	11.001073,
					"seconds":	0.99996399879455566,
					"bytes":	1441792,
					"bits_per_second":	11534751.264950039,
					"retransmits":	0,
					"snd_cwnd":	887624,
					"snd_wnd":	1815936,
					"rtt":	700940,
					"rttvar":	1595,
					"pmtu":	1500,
					"omitted":	false,
					"sender":	true
				}],
			"sum":	{
				"start":	10.001109,
				"end":	11.001073,
				"seconds":	0.99996399879455566,
				"bytes":	1441792,
				"bits_per_second":	11534751.264950039,
				"retransmits":	0,
				"omitted":	false,
				"sender":	true
			}
		}, {
			"streams":	[{
					"socket":	5,
					"start":	11.001073,
					"end":	12.00112,
					"seconds":	1.000046968460083,
					"bytes":	1441792,
					"bits_per_second":	11533794.275443967,
					"retransmits":	0,
					"snd_cwnd":	1035320,
					"snd_wnd":	1902976,
					"rtt":	763020,
					"rttvar":	1842,
					"pmtu":	1500,
					"omitted":	false,
					"sender":	true
				}],
			"sum":	{
				"start":	11.001073,
				"end":	12.00112,
				"seconds":	1.000046968460083,
				"bytes":	1441792,
				"bits_per_second":	11533794.275443967,
				"retransmits":	0,
				"omitted":	false,
				"sender":	true
			}
		}, {
			"streams":	[{
					"socket":	5,