{
	"start":	{
		"connected":	[{
				"socket":	5,
				"local_host":	"192.168.1.243",
				"local_port":	46594,
				"remote_host":	"192.168.1.165",
				"remote_port":	5201
			}],
		"version":	"iperf 3.19.1",
		"system_info":	"Linux blind-warrior 6.12.47 #1-NixOS SMP PREEMPT_DYNAMIC Thu Sep 11 15:21:47 UTC 2025 x86_64",
		"timestamp":	{
			"time":	"Mon, 17 Nov 2025 03:55:02 GMT",
			"timesecs":	1763351702
		},
		"connecting_to":	{
			"host":	"192.168.1.165",
			"port":	5201
		},
		"cookie":	"vepb6bqonjvt4xqixya57ki2ijurt2jopyja",
		"tcp_mss_default":	1448,
		"target_bitrate":	0,
		"fq_rate":	0,
		"sock_bufsize":	0,
		"sndbuf_actual":	16384,
		"rcvbuf_actual":	131072,
		"test_start":	{
			"protocol":	"TCP",
			"num_streams":	1,
			"blksize":	131072,
			"omit":	0,
			"duration":	30,
			"bytes":	0,
			"blocks":	0,
			"reverse":	0,
			"tos":	0,
			"target_bitrate":	0,
			"bidir":	0,
			"fqrate":	0,
			"interval":	1
		}
	},
	"intervals":	[{
			"streams":	[{
					"socket":	5,
					"start":	0,
					"end":	1.001212,
					"seconds":	1.0012120008468628,
					"bytes":	4849664,
					"bits_per_second":	38750346.5471686,
					"retransmits":	1,
					"snd_cwnd":	1721672,
					"snd_wnd":	2091264,
					"rtt":	174092,
					"rttvar":	3661,
					"pmtu":	1500,
					"omitted":	false,
					"sender":	true
				}],
			"sum":	{
				"start":	0,
				"end":	1.001212,
				"seconds":	1.0012120008468628,
				"bytes":	4849664,
				"bits_per_second":	38750346.5471686,
				"retransmits":	1,
				"omitted":	false,
				"sender":	true
			}
		}, {
			"streams":	[{
					"socket":	5,
					"start":	1.001212,
					"end":	2.001189,
					"seconds":	0.9999769926071167,
					"bytes":	7733248,
					"bits_per_second":	61867407.4077489,
					"retransmits":	10,
					"snd_cwnd":	663184,
					"snd_wnd":	2097152,
					"rtt":	111157,
					"rttvar":	323,
					"pmtu":	1500,
					"omitted":	false,
					"sender":	true
				}],
			"sum":	{
				"start":	1.001212,
				"end":	2.001189,
				"seconds":	0.9999769926071167,
				"bytes":	7733248,
				"bits_per_second":	61867407.4077489,
				"retransmits":	10,
				"omitted":	false,
				"sender":	true
			}
		}, {
			"streams":	[{
					"socket":	5,
					"start":	2.001189,
					"end":	3.001111,
					"seconds":	0.999921977519989,
					"bytes":	5767168,
					"bits_per_second":	46140944.030883335,
					"retransmits":	0,
					"snd_cwnd":	715312,
					"snd_wnd":	2102912,
					"rtt":	109654,
					"rttvar":	822,
					"pmtu":	1500,
					"omitted":	false,
					"sender":	true
				}],
			"sum":	{
				"start":	2.001189,
				"end":	3.001111,
				"seconds":	0.999921977519989,
				"bytes":	5767168,
				"bits_per_second":	46140944.030883335,
				"retransmits":	0,
				"omitted":	false,
				"sender":	true
			}
		}, {
			"streams":	[{
					"socket":	5,
					"start":	3.001111,
					"end":	4.001113,
					"seconds":	1.0000020265579224,
					"bytes":	5767168,
					"bits_per_second":	46137250.500189483,
					"retransmits":	0,
					"snd_cwnd":	750064,
					"snd_wnd":	2108672,
					"rtt":	113491,
					"rttvar":	1490,
					"pmtu":	1500,
					"omitted":	false,
					"sender":	true
				}],
			"sum":	{
				"start":	3.001111,
				"end":	4.001113,
				"seconds":	1.0000020265579224,
				"bytes":	5767168,
				"bits_per_second":	46137250.500189483,
				"retransmits":	0,
				"omitted":	false,
				"sender":	true
			}
		}, {
			"streams":	[{
					"socket":	5,
					"start":	4.001113,
					"end":	5.001521,
					"seconds":	1.0004080533981323,
					"bytes":	5767168,
					"bits_per_second":	46118525.179083824,
					"retransmits":	0,
					"snd_cwnd":	771784,
					"snd_wnd":	2108672,
					"rtt":	115598,
					"rttvar":	1145,
					"pmtu":	1500,
					"omitted":	false,
					"sender":	true
				}],
			"sum":	{
				"start":	4.001113,
				"end":	5.001521,
				"seconds":	1.0004080533981323,
				"bytes":	5767168,
				"bits_per_second":	46118525.179083824,
				"retransmits":	0,
				"omitted":	false,
				"sender":	true
			}
		}, {
			"streams":	[{
					"socket":	5,
					"start":	5.001521,
					"end":	6.001111,
					"seconds":	0.99958997964859,
					"bytes":	7340032,
					"bits_per_second":	58744342.375904314,
					"retransmits":	0,
					"snd_cwnd":	783368,
					"snd_wnd":	2123136,
					"rtt":	110784,
					"rttvar":	450,
					"pmtu":	1500,
					"omitted":	false,
					"sender":	true
				}],
			"sum":	{
				"start":	5.001521,
				"end":	6.001111,
				"seconds":	0.99958997964859,
				"bytes":	7340032,
				"bits_per_second":	58744342.375904314,
				"retransmits":	0,
				"omitted":	false,
				"sender":	true
			}
		}, {
			"streams":	[{
					"socket":	5,
					"start":	6.001111,
					"end":	7.001113,
					"seconds":	1.0000020265579224,
					"bytes":	7077888,
					"bits_per_second":	56622989.250232548,
					"retransmits":	0,
					"snd_cwnd":	786264,
					"snd_wnd":	2123136,
					"rtt":	108056,
					"rttvar":	287,
					"pmtu":	1500,
					"omitted":	false,
					"sender":	true
				}],
			"sum":	{
				"start":	6.001111,
				"end":	7.001113,
				"seconds":	1.0000020265579224,
				"bytes":	7077888,
				"bits_per_second":	56622989.250232548,
				"retransmits":	0,
				"omitted":	false,
				"sender":	true
			}
		}, {
			"streams":	[{
					"socket":	5,
					"start":	7.001113,
					"end":	8.001123,
					"seconds":	1.0000100135803223,
					"bytes":	5767168,
					"bits_per_second":	46136882.004626229,
					"retransmits":	0,
					"snd_cwnd":	786264,
					"snd_wnd":	2149248,
					"rtt":	110304,
					"rttvar":	1245,
					"pmtu":	1500,
					"omitted":	false,
					"sender":	true
				}],
			"sum":	{
				"start":	7.001113,
				"end":	8.001123,
				"seconds":	1.0000100135803223,
				"bytes":	5767168,
				"bits_per_second":	46136882.004626229,
				"retransmits":	0,
				"omitted":	false,
				"sender":	true
			}
		}, {
			"streams":	[{
					"socket":	5,
					"start":	8.001123,
					"end":	9.001113,
					"seconds":	0.99998998641967773,
					"bytes":	7340032,
					"bits_per_second":	58720844.005888045,
					"retransmits":	0,
					"snd_cwnd":	786264,
					"snd_wnd":	2186880,
					"rtt":	125947,
					"rttvar":	636,
					"pmtu":	1500,
					"omitted":	false,
					"sender":	true
				}],
			"sum":	{
				"start":	8.001123,
				"end":	9.001113,
				"seconds":	0.99998998641967773,
				"bytes":	7340032,
				"bits_per_second":	58720844.005888045,
				"retransmits":	0,
				"omitted":	false,
				"sender":	true
			}
		}, {
			"streams":	[{
					"socket":	5,
					"start":	9.001113,
					"end":	10.0012,
					"seconds":	1.0000870227813721,
					"bytes":	5767168,
					"bits_per_second":	46133329.349366061,
					"retransmits":	0,
					"snd_cwnd":	790608,
					"snd_wnd":	2186880,
					"rtt":	109890,
					"rttvar":	1163,
					"pmtu":	1500,
					"omitted":	false,
					"sender":	true
				}],
			"sum":	{
				"start":	9.001113,
				"end":	10.0012,
				"seconds":	1.0000870227813721,
				"bytes":	5767168,
				"bits_per_second":	46133329.349366061,
				"retransmits":	0,
				"omitted":	false,
				"sender":	true
			}
		}, {
			"streams":	[{
					"socket":	5,
					"start":	10.0012,
					"end":	11.00111,
					"seconds":	0.999909996986389,
					"bytes":	7208960,
					"bits_per_second":	57676871.092213944,
					"retransmits":	0,
					"snd_cwnd":	802192,
					"snd_wnd":	2334592,
					"rtt":	111458,
					"rttvar":	1951,
					"pmtu":	1500,
					"omitted":	false,
					"sender":	true
				}],
			"sum":	{
				"start":	10.0012,
				"end":	11.00111,
				"seconds":	0.999909996986389,
				"bytes":	7208960,
				"bits_per_second":	57676871.092213944,
				"retransmits":	0,
				"omitted":	false,
				"sender":	true
			}
		}, {
			"streams":	[{
					"socket":	5,
					"start":	11.00111,
					"end":	12.00111,
					"seconds":	1,
					"bytes":	5898240,
					"bits_per_second":	47185920,
					"retransmits":	0,
					"snd_cwnd":	822464,
					"snd_wnd":	2340352,
					"rtt":	113964,
					"rttvar":	1570,
					"pmtu":	1500,
					"omitted":	false,
					"sender":	true
				}],
			"sum":	{
				"start":	11.00111,
				"end":	12.00111,
				"seconds":	1,
				"bytes":	5898240,
				"bits_per_second":	47185920,
				"retransmits":	0,