{
	"start":	{
		"connected":	[{
				"socket":	5,
				"local_host":	"192.168.1.243",
				"local_port":	54656,
				"remote_host":	"192.168.1.165",
				"remote_port":	5201
			}],
		"version":	"iperf 3.19.1",
		"system_info":	"Linux blind-warrior 6.12.47 #1-NixOS SMP PREEMPT_DYNAMIC Thu Sep 11 15:21:47 UTC 2025 x86_64",
		"timestamp":	{
			"time":	"Mon, 17 Nov 2025 03:15:43 GMT",
			"timesecs":	1763349343
		},
		"connecting_to":	{
			"host":	"192.168.1.165",
			"port":	5201
		},
		"cookie":	"mugjpgpxh5pxndd6fcqy2g5kyojulhpmqyb6",
		"tcp_mss_default":	1448,
		"target_bitrate":	0,
		"fq_rate":	0,
		"sock_bufsize":	0,
		"sndbuf_actual":	16384,
		"rcvbuf_actual":	131072,
		"test_start":	{
			"protocol":	"TCP",
			"num_streams":	1,
			"blksize":	131072,
			"omit":	0,
			"duration":	30,
			"bytes":	0,
			"blocks":	0,
			"reverse":	0,
			"tos":	0,
			"target_bitrate":	0,
			"bidir":	0,
			"fqrate":	0,
			"interval":	1
		}
	},
	"intervals":	[{
			"streams":	[{
					"socket":	5,
					"start":	0,
					"end":	1.001109,
					"seconds":	1.0011090040206909,
					"bytes":	6422528,
					"bits_per_second":	51323306.2470169,
					"retransmits":	9,
					"snd_cwnd":	470600,
					"snd_wnd":	3491200,
					"rtt":	92800,
					"rttvar":	2364,
					"pmtu":	1500,
					"omitted":	false,
					"sender":	true
				}],
			"sum":	{
				"start":	0,
				"end":	1.001109,
				"seconds":	1.0011090040206909,
				"bytes":	6422528,
				"bits_per_second":	51323306.2470169,
				"retransmits":	9,
				"omitted":	false,
				"sender":	true
			}
		}, {
			"streams":	[{
					"socket":	5,
					"start":	1.001109,
					"end":	2.001259,
					"seconds":	1.0001499652862549,
					"bytes":	5636096,
					"bits_per_second":	45082007.26387573,
					"retransmits":	0,
					"snd_cwnd":	363448,
					"snd_wnd":	3930752,
					"rtt":	63292,
					"rttvar":	2029,
					"pmtu":	1500,
					"omitted":	false,
					"sender":	true
				}],
			"sum":	{
				"start":	1.001109,
				"end":	2.001259,
				"seconds":	1.0001499652862549,
				"bytes":	5636096,
				"bits_per_second":	45082007.26387573,
				"retransmits":	0,
				"omitted":	false,
				"sender":	true
			}
		}, {
			"streams":	[{
					"socket":	5,
					"start":	2.001259,
					"end":	3.001128,
					"seconds":	0.99986898899078369,
					"bytes":	5767168,
					"bits_per_second":	46143389.2919998,
					"retransmits":	0,
					"snd_cwnd":	385168,
					"snd_wnd":	3930752,
					"rtt":	63542,
					"rttvar":	1474,
					"pmtu":	1500,
					"omitted":	false,
					"sender":	true
				}],
			"sum":	{
				"start":	2.001259,
				"end":	3.001128,
				"seconds":	0.99986898899078369,
				"bytes":	5767168,
				"bits_per_second":	46143389.2919998,
				"retransmits":	0,
				"omitted":	false,
				"sender":	true
			}
		}, {
			"streams":	[{
					"socket":	5,
					"start":	3.001128,
					"end":	4.001107,
					"seconds":	0.999979019165039,
					"bytes":	5767168,
					"bits_per_second":	46138312.020309873,
					"retransmits":	0,
					"snd_cwnd":	396752,
					"snd_wnd":	3930752,
					"rtt":	68370,
					"rttvar":	2556,
					"pmtu":	1500,
					"omitted":	false,
					"sender":	true
				}],
			"sum":	{
				"start":	3.001128,
				"end":	4.001107,
				"seconds":	0.999979019165039,
				"bytes":	5767168,
				"bits_per_second":	46138312.020309873,
				"retransmits":	0,
				"omitted":	false,
				"sender":	true
			}
		}, {
			"streams":	[{
					"socket":	5,
					"start":	4.001107,
					"end":	5.001107,
					"seconds":	1,
					"bytes":	5636096,
					"bits_per_second":	45088768,
					"retransmits":	0,
					"snd_cwnd":	401096,
					"snd_wnd":	3930752,
					"rtt":	68904,
					"rttvar":	955,
					"pmtu":	1500,
					"omitted":	false,
					"sender":	true
				}],
			"sum":	{
				"start":	4.001107,
				"end":	5.001107,
				"seconds":	1,
				"bytes":	5636096,
				"bits_per_second":	45088768,
				"retransmits":	0,
				"omitted":	false,
				"sender":	true
			}
		}, {
			"streams":	[{
					"socket":	5,
					"start":	5.001107,
					"end":	6.001107,
					"seconds":	1,
					"bytes":	5898240,
					"bits_per_second":	47185920,
					"retransmits":	0,
					"snd_cwnd":	401096,
					"snd_wnd":	3930752,
					"rtt":	70198,
					"rttvar":	2558,
					"pmtu":	1500,
					"omitted":	false,
					"sender":	true
				}],
			"sum":	{
				"start":	5.001107,
				"end":	6.001107,
				"seconds":	1,
				"bytes":	5898240,
				"bits_per_second":	47185920,
				"retransmits":	0,
				"omitted":	false,
				"sender":	true
			}
		}, {
			"streams":	[{
					"socket":	5,
					"start":	6.001107,
					"end":	7.001127,
					"seconds":	1.0000200271606445,
					"bytes":	5767168,
					"bits_per_second":	46136420.018504724,
					"retransmits":	0,
					"snd_cwnd":	401096,
					"snd_wnd":	3930752,
					"rtt":	66998,
					"rttvar":	2722,
					"pmtu":	1500,
					"omitted":	false,
					"sender":	true
				}],
			"sum":	{
				"start":	6.001107,
				"end":	7.001127,
				"seconds":	1.0000200271606445,
				"bytes":	5767168,
				"bits_per_second":	46136420.018504724,
				"retransmits":	0,
				"omitted":	false,
				"sender":	true
			}
		}, {
			"streams":	[{
					"socket":	5,
					"start":	7.001127,
					"end":	8.001108,
					"seconds":	0.99998098611831665,
					"bytes":	5636096,
					"bits_per_second":	45089625.328801148,
					"retransmits":	0,
					"snd_cwnd":	405440,
					"snd_wnd":	3930752,
					"rtt":	69972,
					"rttvar":	1269,
					"pmtu":	1500,
					"omitted":	false,
					"sender":	true
				}],
			"sum":	{
				"start":	7.001127,
				"end":	8.001108,
				"seconds":	0.99998098611831665,
				"bytes":	5636096,
				"bits_per_second":	45089625.328801148,
				"retransmits":	0,
				"omitted":	false,
				"sender":	true
			}
		}, {
			"streams":	[{
					"socket":	5,
					"start":	8.001108,
					"end":	9.00136,
					"seconds":	1.0002520084381104,
					"bytes":	4456448,
					"bits_per_second":	35642601.763599366,
					"retransmits":	0,
					"snd_cwnd":	415576,
					"snd_wnd":	3930752,
					"rtt":	94475,
					"rttvar":	655,
					"pmtu":	1500,
					"omitted":	false,
					"sender":	true
				}],
			"sum":	{
				"start":	8.001108,
				"end":	9.00136,
				"seconds":	1.0002520084381104,
				"bytes":	4456448,
				"bits_per_second":	35642601.763599366,
				"retransmits":	0,
				"omitted":	false,
				"sender":	true
			}
		}, {
			"streams":	[{
					"socket":	5,
					"start":	9.00136,
					"end":	10.001111,
					"seconds":	0.99975097179412842,
					"bytes":	5767168,
					"bits_per_second":	46148836.361922272,
					"retransmits":	0,
					"snd_cwnd":	434400,
					"snd_wnd":	3930752,
					"rtt":	76001,
					"rttvar":	1478,
					"pmtu":	1500,
					"omitted":	false,
					"sender":	true
				}],
			"sum":	{
				"start":	9.00136,
				"end":	10.001111,
				"seconds":	0.99975097179412842,
				"bytes":	5767168,
				"bits_per_second":	46148836.361922272,
				"retransmits":	0,
				"omitted":	false,
				"sender":	true
			}
		}, {
			"streams":	[{
					"socket":	5,
					"start":	10.001111,
					"end":	11.001114,
					"seconds":	1.0000029802322388,
					"bytes":	5767168,
					"bits_per_second":	46137206.500409782,
					"retransmits":	0,
					"snd_cwnd":	469152,
					"snd_wnd":	3930752,
					"rtt":	84830,
					"rttvar":	461,
					"pmtu":	1500,
					"omitted":	false,
					"sender":	true
				}],
			"sum":	{
				"start":	10.001111,
				"end":	11.001114,
				"seconds":	1.0000029802322388,
				"bytes":	5767168,
				"bits_per_second":	46137206.500409782,
				"retransmits":	0,
				"omitted":	false,
				"sender":	true
			}
		}, {
			"streams":	[{
					"socket":	5,
					"start":	11.001114,
					"end":	12.001149,
					"seconds":	1.0000350475311279,
					"bytes":	2883584,
					"bits_per_second":	23067863.528334934,
					"retransmits":	83,
					"snd_cwnd":	241816,
					"snd_wnd":	3842048,
					"rtt":	58990,
					"rttvar":	20,
					"pmtu":	1500,
					"omitted":	false,
					"sender":	true
				}],
			"sum":	{
				"start":	11.001114,
				"end":	12.001149,
				"seconds":	1.0000350475311279,
				"bytes":	2883584,
				"bits_per_second":	23067863.528334934,
				"retransmits":	83,
				"omitted":	false,